iso_utc,uptime_s,procs,ws_mb,private_mb,handles,threads,avail_mb,commit_pct,cpu_pct_sum
2026-08-25T13:26:24Z,3,9,1384.5,840.4,5357,265,20527,34.7,0
2026-08-25T13:27:27Z,66,9,1380.1,834.8,5357,263,20480,34.7,38.38
2026-08-25T13:28:30Z,130,9,1380.8,835.5,5353,263,20519,34.6,36.28
2026-08-25T13:29:33Z,193,9,1382.5,836.5,5274,271,20597,34.6,42.83
2026-08-25T13:30:37Z,256,9,1384.3,840.1,5289,273,20581,34.6,43.67
2026-08-25T13:31:40Z,319,9,1385,840.6,5271,262,20483,34.8,35.94
2026-08-25T13:32:43Z,382,9,1385.3,840.7,5255,259,20540,34.7,44.33
2026-08-25T13:33:46Z,445,9,1384.6,840.5,5259,261,20528,34.8,45.3
2026-08-25T13:34:49Z,508,9,1386,842.1,5236,277,20547,34.6,45.55
2026-08-25T13:35:52Z,571,9,1386.1,842.1,5223,258,20776,34.6,44.86
2026-08-25T13:36:55Z,634,9,1385.9,842,5225,260,20643,34.9,41.36
2026-08-25T13:37:58Z,697,9,1385.6,841.6,5223,259,20699,34.7,36.17
2026-08-25T13:39:01Z,760,9,1386.4,842.8,5225,260,20683,34.7,39.88
2026-08-25T13:40:04Z,823,9,1386.5,842.8,5224,259,20728,34.7,38.95
2026-08-25T13:41:07Z,886,9,1385.6,841.8,5224,259,20746,34.7,40.55
2026-08-25T13:42:10Z,949,9,1386.3,842.7,5224,259,20744,34.7,38.59
2026-08-25T13:43:13Z,1012,9,1384,840.2,5224,259,20738,34.7,38.11
2026-08-25T13:44:16Z,1075,9,1384.9,841.1,5224,259,20737,34.7,42.98
2026-08-25T13:45:19Z,1138,9,1389.6,845.9,5218,259,20730,34.7,43
2026-08-25T13:46:22Z,1201,9,1387.6,843.9,5220,259,20731,34.7,46.48
2026-08-25T13:47:25Z,1264,9,1387.2,843.6,5219,259,20651,34.8,35.66
2026-08-25T13:48:28Z,1328,9,1388.1,844.9,5232,263,20637,34.9,34.72
2026-08-25T13:49:31Z,1391,9,1386.5,843.5,5230,262,20746,34.7,36.95
2026-08-25T13:50:35Z,1454,9,1385.7,842.2,5232,263,20725,34.7,39.23
2026-08-25T13:51:38Z,1517,9,1387.5,843.9,5230,263,20744,34.7,40.83
2026-08-25T13:52:41Z,1580,9,1388.1,844.6,5232,263,20743,34.7,40.69
2026-08-25T13:53:44Z,1643,9,1387.2,843.6,5230,262,20741,34.7,42.94
2026-08-25T13:54:47Z,1706,9,1438.6,895.2,5246,266,20695,34.7,44.84
2026-08-25T13:55:50Z,1769,9,1402.3,856.3,5241,267,20727,34.8,45.91
2026-08-25T13:56:53Z,1832,9,1404.6,858.9,5243,268,20724,34.8,45.52
2026-08-25T13:57:56Z,1895,9,1403.7,857.4,5243,266,20646,34.9,36.16
2026-08-25T13:58:59Z,1958,9,1408,862,5241,266,20691,34.7,38.69
2026-08-25T14:00:02Z,2021,9,1408,862.6,5242,265,20612,35.7,39.72
2026-08-25T14:01:05Z,2084,9,1404.2,858.5,5242,265,20683,34.7,40.66
2026-08-25T14:02:08Z,2147,9,1403.1,857.6,5236,265,20677,34.7,42.86
2026-08-25T14:03:11Z,2210,9,1403.8,857.7,5238,265,20632,34.9,41.83
2026-08-25T14:04:14Z,2273,9,1401.6,855.6,5238,265,20694,34.7,46.39
2026-08-25T14:05:17Z,2336,9,1402.3,856.1,5236,265,20701,34.6,43.23
2026-08-25T14:06:20Z,2399,9,1403.9,858,5238,265,20699,34.7,49.91
2026-08-25T14:07:23Z,2462,9,1408.1,862.1,5236,265,20607,34.7,43.08
2026-08-25T14:08:26Z,2526,9,1402.5,856.3,5239,265,20614,34.7,44.23
2026-08-25T14:09:29Z,2589,9,1402.8,856.7,5234,264,20689,34.7,43.47
2026-08-25T14:10:32Z,2652,9,1403.6,857.3,5236,264,20691,34.7,42.34
2026-08-25T14:11:36Z,2715,9,1404.3,857.8,5234,265,20627,34.8,42.34
2026-08-25T14:12:39Z,2778,9,1405.2,859.2,5236,265,20639,34.8,45.84
2026-08-25T14:13:42Z,2841,9,1403.8,857.6,5234,264,20642,34.8,44.11
2026-08-25T14:14:45Z,2904,9,1405.1,858.7,5236,265,20642,34.8,46.44
2026-08-25T14:15:48Z,2967,9,1405.8,859.6,5236,265,20649,34.8,44.2
2026-08-25T14:16:51Z,3030,9,1404.3,857.7,5236,265,20648,34.7,46.7
2026-08-25T14:17:54Z,3093,9,1404.3,857.7,5236,265,20387,35.2,34
2026-08-25T14:18:57Z,3156,9,1405.7,859.4,5234,265,20560,34.8,38.44
2026-08-25T14:20:00Z,3219,9,1405.2,858.9,5236,265,20633,34.7,36.89
2026-08-25T14:21:03Z,3282,9,1404.6,858.7,5236,265,20643,34.9,39.7
2026-08-25T14:22:06Z,3345,9,1405.5,859.2,5236,265,20658,34.6,39.41
2026-08-25T14:23:09Z,3408,9,1405.7,859.9,5234,265,20562,35,37.2
2026-08-25T14:24:12Z,3471,9,1404.9,858.8,5236,265,20597,34.9,41.89
2026-08-25T14:25:15Z,3534,9,1409.2,861.6,5241,268,20626,34.8,39.61
2026-08-25T14:26:18Z,3597,9,1406.4,858.9,5243,268,20617,34.8,44.12
2026-08-25T14:27:21Z,3660,9,1408.7,861.2,5241,265,20621,34.8,45.75
2026-08-25T14:28:24Z,3723,9,1408.1,860.7,5244,266,20582,34.7,37.89
2026-08-25T14:29:27Z,3786,9,1409,861.5,5242,265,20583,34.7,36.75
2026-08-25T14:30:30Z,3850,9,1404.9,857.7,5242,265,20628,34.6,37.31
2026-08-25T14:31:33Z,3913,9,1405.2,857.7,5234,263,20628,34.6,42.75
2026-08-25T14:32:36Z,3976,9,1405.8,858.9,5236,265,20720,34.6,45.44
2026-08-25T14:33:40Z,4039,9,1405.8,858.6,5240,267,20696,34.7,44.89
2026-08-25T14:34:43Z,4102,9,1406.4,859.2,5240,267,20707,34.6,45.44
2026-08-25T14:35:46Z,4165,9,1406.5,859.1,5238,265,20687,34.7,44.34
2026-08-25T14:36:49Z,4228,9,1406,858.5,5238,265,20678,34.6,48.28
2026-08-25T14:37:52Z,4291,9,1407.1,859.3,5238,265,20702,34.6,46.72
2026-08-25T14:38:55Z,4354,9,1406.6,858.9,5236,265,20626,34.7,42.06
2026-08-25T14:39:58Z,4417,9,1406.2,858.4,5238,265,20653,34.6,42.14
2026-08-25T14:41:01Z,4480,9,1406.5,859,5234,265,20731,34.6,41.25
2026-08-25T14:42:04Z,4543,9,1405.6,857.7,5236,265,20727,34.6,42.03
2026-08-25T14:43:07Z,4606,9,1406.2,858.7,5234,265,20724,34.6,43.23
2026-08-25T14:44:10Z,4669,9,1406.1,858.9,5236,265,20721,34.6,42.95
2026-08-25T14:45:13Z,4732,9,1406.7,859.7,5234,265,20715,34.6,43.58
2026-08-25T14:46:16Z,4795,9,1406.7,859.7,5236,265,20720,34.6,44.27
2026-08-25T14:47:19Z,4858,9,1406.5,859.2,5234,264,20677,34.7,43.95
2026-08-25T14:48:22Z,4921,9,1407.2,859.8,5236,265,20537,34.8,37.52
2026-08-25T14:49:25Z,4984,9,1407.1,859.8,5235,263,20599,34.9,42.62
2026-08-25T14:50:28Z,5048,9,1407.5,859.9,5239,265,20669,34.7,39.12
2026-08-25T14:51:31Z,5111,9,1408,860.4,5238,265,20689,34.7,42.03
2026-08-25T14:52:34Z,5174,9,1407.1,859.1,5238,265,20691,34.7,41.78
2026-08-25T14:53:38Z,5237,9,1408,860,5238,265,20712,34.6,42.55
2026-08-25T14:54:41Z,5300,9,1449,903.1,5247,267,20667,34.7,43.06
2026-08-25T14:55:44Z,5363,9,1412.3,864.2,5244,274,20684,34.7,39.36
2026-08-25T14:56:47Z,5426,9,1416.3,868.1,5244,274,20678,34.7,42.16
2026-08-25T14:57:50Z,5489,9,1412.6,864.4,5244,267,20684,34.7,43.7
2026-08-25T14:58:53Z,5552,9,1411.4,863.1,5244,267,20613,34.7,39.25
2026-08-25T14:59:56Z,5615,9,1415,866.6,5241,266,20612,34.7,40.25
2026-08-25T15:00:59Z,5678,9,1411.1,862.3,5243,266,20643,34.7,36.05
2026-08-25T15:02:02Z,5741,9,1413.1,864.7,5237,266,20632,34.7,39.48
2026-08-25T15:03:05Z,5804,9,1411.7,863.2,5241,266,20624,34.7,39.59
2026-08-25T15:04:08Z,5867,9,1412.6,864,5239,266,20628,34.7,37.55
2026-08-25T15:05:11Z,5930,9,1411.6,863.2,5241,266,20636,34.7,40.98
2026-08-25T15:06:14Z,5993,9,1409.9,860.4,5241,265,20638,34.7,37.75
2026-08-25T15:07:17Z,6056,9,1410.2,861,5241,265,20640,34.6,42.41
2026-08-25T15:08:20Z,6120,9,1411,861.9,5241,266,20538,34.9,39.95
2026-08-25T15:09:23Z,6183,9,1414.8,865.5,5239,266,20585,34.7,41.58
2026-08-25T15:10:26Z,6246,9,1409.3,859.6,5240,266,20600,34.7,41.31
2026-08-25T15:11:30Z,6309,9,1411,861.7,5237,266,20665,34.6,39.06
2026-08-25T15:12:33Z,6372,9,1409.7,860.3,5239,266,20653,34.6,39.75
2026-08-25T15:13:36Z,6435,9,1411.2,861.8,5239,266,20641,34.7,41.73
2026-08-25T15:14:39Z,6498,9,1415.1,865.7,5239,266,20643,34.7,43.5
2026-08-25T15:15:42Z,6561,9,1410.9,861.9,5237,266,20641,34.7,40.38
2026-08-25T15:16:45Z,6624,9,1411.2,862.5,5239,266,20651,34.7,46
2026-08-25T15:17:48Z,6687,9,1410.7,861.8,5237,266,20672,34.8,46.48
2026-08-25T15:18:51Z,6750,9,1410.2,861.3,5239,266,20504,34.9,36.33
2026-08-25T15:19:54Z,6813,9,1410.3,861.2,5239,265,20563,34.7,44.81
2026-08-25T15:20:57Z,6876,9,1409,860.1,5241,266,20635,34.7,43.44
2026-08-25T15:22:00Z,6939,9,1409.9,860.7,5239,265,20639,34.7,42.23
2026-08-25T15:23:03Z,7002,9,1409.7,860.5,5241,266,20634,34.7,42.64
2026-08-25T15:24:06Z,7065,9,1409.8,860.3,5237,266,20634,34.7,41.98
2026-08-25T15:25:09Z,7128,9,1416.4,866.9,5244,267,20724,34.7,42.12
2026-08-25T15:26:12Z,7191,9,1413,863.5,5244,267,20723,34.7,38.36
2026-08-25T15:27:15Z,7254,9,1414.1,865.2,5246,267,20722,34.7,40.81
2026-08-25T15:28:18Z,7317,9,1414.7,865.8,5246,267,20718,34.7,45.12
2026-08-25T15:29:21Z,7381,9,1413.9,864.8,5244,267,20641,34.8,38.7
2026-08-25T15:30:24Z,7444,9,1418.6,869.4,5246,267,20582,34.8,39.91
2026-08-25T15:31:27Z,7507,9,1416,866.7,5241,267,20668,34.7,38.75
2026-08-25T15:32:31Z,7570,9,1416.3,867,5242,267,20627,34.8,29.42
2026-08-25T15:33:34Z,7633,9,1414.5,865.5,5246,269,20615,34.8,39.88
2026-08-25T15:34:37Z,7696,9,1415.5,866.6,5246,269,20629,34.8,39.05
2026-08-25T15:35:40Z,7759,9,1414.4,865.2,5242,267,20624,34.8,36.95
2026-08-25T15:36:43Z,7822,9,1414.7,865.4,5246,267,20676,34.6,37.78
2026-08-25T15:37:46Z,7885,9,1415.1,866.2,5242,267,20688,34.6,41.27
2026-08-25T15:38:49Z,7948,9,1414.7,865.8,5244,267,20605,34.7,35.41
2026-08-25T15:39:52Z,8011,9,1415,865.8,5240,266,20610,34.7,46.02
2026-08-25T15:40:55Z,8074,9,1417.1,867.9,5242,267,20685,34.6,46.08
2026-08-25T15:41:58Z,8137,9,1418.6,869.7,5240,265,20679,34.6,41.58
2026-08-25T15:43:01Z,8200,9,1416.1,866.9,5242,267,20678,34.6,42.89
2026-08-25T15:44:04Z,8263,9,1415.2,866.1,5242,267,20678,34.6,42.59
2026-08-25T15:45:07Z,8326,9,1415.9,866.6,5242,267,20683,34.6,44.14
2026-08-25T15:46:10Z,8389,9,1416.3,867.3,5242,267,20641,34.7,42.75
2026-08-25T15:47:13Z,8452,9,1415.4,866.4,5242,267,20667,34.7,45.38
2026-08-25T15:48:16Z,8515,9,1413,864.4,5242,267,20650,34.7,43.19
2026-08-25T15:49:19Z,8578,9,1412.9,863.9,5240,267,20577,34.8,39.77
2026-08-25T15:50:22Z,8642,9,1412.9,863.8,5242,267,20529,35,40.83
2026-08-25T15:51:25Z,8705,9,1414.1,865.7,5242,291,20305,35.7,20.7
2026-08-25T15:52:28Z,8768,9,1418.2,870.2,5251,294,20122,35.5,22.94
2026-08-25T15:53:32Z,8831,9,1416.9,868.2,5246,268,20237,35.1,38.83
2026-08-25T15:54:35Z,8894,9,1485.1,948.5,5261,270,20356,35.1,39.09
2026-08-25T15:55:38Z,8957,9,1419.2,869.2,5251,270,20542,34.8,39.45
2026-08-25T15:56:41Z,9020,9,1420,870.2,5253,270,20611,34.7,35.83
2026-08-25T15:57:44Z,9083,9,1422.3,872.7,5253,270,20610,34.7,41.72
2026-08-25T15:58:47Z,9146,9,1422.3,872.8,5255,270,20495,35,40.39
2026-08-25T15:59:50Z,9209,9,1422.9,873.4,5250,267,20551,34.8,39.25
2026-08-25T16:00:53Z,9272,9,1416.8,866.6,5253,269,20503,34.8,43.77
2026-08-25T16:01:56Z,9335,9,1419.2,868.8,5248,269,20586,34.8,38.56
2026-08-25T16:02:59Z,9398,9,1418.7,868.3,5248,269,20620,34.7,37.66
2026-08-25T16:04:02Z,9461,9,1417.6,867.4,5250,269,20621,34.7,38.53
2026-08-25T16:05:05Z,9524,9,1418.5,868.4,5248,269,20644,34.6,39.94
2026-08-25T16:06:08Z,9587,9,1417.6,867.3,5250,269,20648,34.6,38.61
2026-08-25T16:07:11Z,9650,9,1416.7,866.2,5250,269,20642,34.6,37.14
2026-08-25T16:08:14Z,9713,9,1417.2,866.9,5250,269,20643,34.6,45.22
2026-08-25T16:09:17Z,9777,9,1416.9,866,5246,269,20667,34.7,39.27
2026-08-25T16:10:20Z,9840,9,1417.4,867.1,5251,269,20669,34.6,45.25
2026-08-25T16:11:23Z,9903,9,1418,868.4,5246,269,20743,35,46.17
2026-08-25T16:12:27Z,9966,9,1417.6,867.9,5249,269,20625,34.7,39.64
2026-08-25T16:13:30Z,10029,9,1417.3,867.2,5247,268,20718,34.6,42.39
2026-08-25T16:14:33Z,10092,9,1417.3,867.2,5248,269,20719,34.6,43.56
2026-08-25T16:15:36Z,10155,9,1417.7,867.5,5246,269,20749,34.6,44.02
2026-08-25T16:16:39Z,10218,9,1417.8,868.2,5248,269,20757,34.5,40.78
2026-08-25T16:17:42Z,10281,9,1417.5,867.7,5246,268,20754,34.5,43.73
2026-08-25T16:18:45Z,10344,9,1419.6,869.9,5250,271,20602,34.9,41.47
2026-08-25T16:19:48Z,10407,9,1418.8,869.4,5250,271,20657,34.6,41.97
2026-08-25T16:20:51Z,10470,9,1417.9,868.2,5248,269,20669,34.6,48.75
2026-08-25T16:21:54Z,10533,9,1418.4,868.7,5248,269,20741,34.5,45.38
2026-08-25T16:22:57Z,10596,9,1420.3,870.1,5246,269,20733,34.6,42.59
2026-08-25T16:24:00Z,10659,9,1419.9,870.5,5248,269,20732,34.6,41.5
2026-08-25T16:25:03Z,10722,9,1425.9,876.6,5256,270,20739,34.6,41.5
2026-08-25T16:26:06Z,10785,9,1422.1,872.4,5253,270,20726,34.6,40.16
2026-08-25T16:27:09Z,10848,9,1424.4,874.8,5253,270,20715,34.6,37.62
2026-08-25T16:28:12Z,10911,9,1424.9,875.3,5255,270,20722,34.6,37.48
2026-08-25T16:29:15Z,10974,9,1424.1,874.2,5253,270,20641,34.7,36.2
2026-08-25T16:30:18Z,11037,9,1424.3,874.7,5252,269,20565,34.7,41.89
2026-08-25T16:31:21Z,11100,9,1423.1,874.2,5246,269,20697,34.5,40.83
2026-08-25T16:32:24Z,11164,9,1422,873,5250,269,20698,34.5,41.66
2026-08-25T16:33:27Z,11227,9,1424.6,875.4,5251,270,20669,34.6,38.75
2026-08-25T16:34:30Z,11290,9,1422.1,872.7,5249,268,20684,34.6,39.77
2026-08-25T16:35:34Z,11353,9,1423.9,874.9,5246,269,20686,34.6,36.95
2026-08-25T16:36:37Z,11416,9,1423.8,874.8,5250,269,20670,34.6,39.97
2026-08-25T16:37:40Z,11479,9,1424.6,875.9,5250,269,20682,34.5,39
2026-08-25T16:38:43Z,11542,9,1423.6,874.9,5250,269,20681,34.6,39.62
2026-08-25T16:39:46Z,11605,9,1424.9,875.7,5250,269,20618,34.6,39.91
2026-08-25T16:40:49Z,11668,9,1423.3,874,5248,269,20632,34.6,44.53
2026-08-25T16:41:52Z,11731,9,1424.9,875.5,5248,269,20685,34.6,46.02
2026-08-25T16:42:55Z,11794,9,1423.6,874.8,5246,269,20699,34.5,42.28
2026-08-25T16:43:58Z,11857,9,1429.9,881,5248,269,20692,34.6,39.92
2026-08-25T16:45:01Z,11920,9,1425.2,876.3,5246,269,20626,34.9,40.34
2026-08-25T16:46:04Z,11983,9,1421.7,872.6,5248,269,20674,35.2,42.17
2026-08-25T16:47:07Z,12046,9,1426.1,875.8,5338,286,20232,35.8,33.5
2026-08-25T16:48:10Z,12109,9,1421.4,870,5336,269,20471,35.1,38.7
2026-08-25T16:49:13Z,12172,9,1427.5,875.9,5338,269,20383,35.2,36
2026-08-25T16:50:16Z,12235,9,1422.5,871,5336,269,20436,35.1,44.73
2026-08-25T16:51:19Z,12298,9,1423.3,872,5338,269,20525,35,45.23
2026-08-25T16:52:22Z,12362,9,1419.5,868.2,5334,267,20260,35.9,34.64
2026-08-25T16:53:25Z,12425,9,1409.8,868.7,5338,269,20528,34.9,36.31
2026-08-25T16:54:29Z,12488,9,1409.9,868.5,5341,269,20540,34.9,40.52
2026-08-25T16:55:32Z,12551,9,1421.4,880.5,5354,273,20535,35,44.38
2026-08-25T16:56:35Z,12614,9,1419.3,880.6,5356,273,20511,35,42.81
2026-08-25T16:57:38Z,12677,9,1419.2,880.6,5352,273,20531,35,41.77
2026-08-25T16:58:41Z,12740,9,1417.2,878.7,5352,273,20529,34.9,43.81
2026-08-25T16:59:44Z,12803,9,1418,879.1,5351,272,20455,35,39.25
2026-08-25T17:00:47Z,12866,9,1410.4,870.1,5349,272,20423,35,44.72
2026-08-25T17:01:50Z,12929,9,1410.6,871,5345,272,20499,35,47.06
2026-08-25T17:02:53Z,12992,9,1411.5,872.3,5347,272,20645,35,46.73
2026-08-25T17:03:56Z,13055,9,1411.4,872.1,5348,272,20629,35,44.5
2026-08-25T17:04:59Z,13118,9,1411,871.4,5345,272,20638,35,41.73
2026-08-25T17:06:02Z,13181,9,1411.1,871.6,5343,272,20692,34.9,37.94
2026-08-25T17:07:05Z,13244,9,1412.1,872.2,5347,272,20689,34.9,41.89
2026-08-25T17:08:08Z,13307,9,1411.7,871.9,5345,272,20693,34.9,42
2026-08-25T17:09:11Z,13370,9,1409,868.8,5347,272,20552,35.2,40.61
2026-08-25T17:10:14Z,13433,9,1409.9,869.8,5343,271,20600,35,41.62
2026-08-25T17:11:17Z,13496,9,1409.9,869.9,5345,272,20684,34.9,43.58
2026-08-25T17:12:20Z,13559,9,1410.2,870.1,5345,272,20681,34.9,43.23
2026-08-25T17:13:23Z,13623,9,1410.6,870.6,5345,272,20675,34.9,45.55
2026-08-25T17:14:26Z,13686,9,1410.2,869.6,5345,272,20676,34.9,40.72
2026-08-25T17:15:30Z,13749,9,1409.9,869.7,5344,272,20679,34.9,42.7
2026-08-25T17:16:33Z,13812,9,1410.3,870.5,5345,272,20673,34.9,43.55
2026-08-25T17:17:36Z,13875,9,1409.5,869,5345,272,20670,34.9,43.25
2026-08-25T17:18:39Z,13938,9,1409.4,868.9,5345,272,20597,35.1,42.73
2026-08-25T17:19:42Z,14001,9,1409.4,868.7,5343,272,20567,35.1,41.25
2026-08-25T17:20:45Z,14064,9,1410,869.1,5345,272,20595,35,47
2026-08-25T17:21:48Z,14127,9,1409.7,869.3,5343,272,20674,34.9,46.67
2026-08-25T17:22:51Z,14190,9,1412,871.5,5345,272,20657,35,41.42
2026-08-25T17:23:54Z,14253,9,1414.4,874.1,5343,272,20654,35,43.66
2026-08-25T17:24:57Z,14316,9,1409.7,869.8,5353,273,20662,34.9,41.75
2026-08-25T17:26:00Z,14379,9,1419.4,879.2,5348,272,20626,35.1,41.14
2026-08-25T17:27:03Z,14442,9,1417.9,877.6,5350,272,20653,34.9,42.55
2026-08-25T17:28:06Z,14505,9,1420.1,880,5352,275,20651,35,44.08
2026-08-25T17:29:09Z,14568,9,1418.3,878.2,5352,273,20511,35.3,42.7
2026-08-25T17:30:12Z,14631,9,1420.3,880,5351,272,20499,35.1,39.64
2026-08-25T17:31:15Z,14694,9,1419.7,879.6,5347,272,20504,35.1,44.64
2026-08-25T17:32:18Z,14757,9,1420.2,879.7,5347,272,20502,35.2,42.53
2026-08-25T17:33:21Z,14820,9,1414.2,873.5,5349,274,20558,35.1,32.72
2026-08-25T17:34:24Z,14884,9,1414.5,873.8,5349,274,20573,35,46.45
2026-08-25T17:35:27Z,14947,9,1413.9,873.6,5346,272,20579,35,41.27
2026-08-25T17:36:31Z,15010,9,1414.9,874.7,5349,272,20585,35,39.81
2026-08-25T17:37:34Z,15073,9,1414.6,874.7,5348,272,20588,35,38.89
2026-08-25T17:38:37Z,15136,9,1417.9,877.6,5348,272,20575,35,39.88
2026-08-25T17:39:40Z,15199,9,1419.4,878.9,5344,272,20510,35.1,34.77
2026-08-25T17:40:43Z,15262,9,1413.8,873.3,5346,272,20511,35.1,39.47
2026-08-25T17:41:46Z,15325,9,1414.3,873.9,5344,272,20592,35,41.3
2026-08-25T17:42:49Z,15388,9,1414.3,874,5346,272,20618,34.9,41.09
2026-08-25T17:43:52Z,15451,9,1416,875.4,5344,271,20611,34.9,44.66
2026-08-25T17:44:55Z,15514,9,1416,875.5,5346,271,20616,34.9,43.5
2026-08-25T17:45:58Z,15577,9,1416.1,875.4,5344,271,20609,34.9,38.3
2026-08-25T17:47:01Z,15640,9,1414.1,873.6,5346,272,20612,34.9,36.88
2026-08-25T17:48:04Z,15703,9,1416.3,875.7,5346,272,20571,35.1,35.78
2026-08-25T17:49:07Z,15766,9,1414.9,874.6,5346,272,20579,35.1,40.08
2026-08-25T17:50:10Z,15829,9,1416.2,875.7,5346,272,20595,35.1,32.81
2026-08-25T17:51:13Z,15892,9,1416.1,875.3,5346,272,20596,35.2,37.88
2026-08-25T17:52:16Z,15955,9,1413.3,872.6,5346,272,20643,35.1,39.44
2026-08-25T17:53:19Z,16019,9,1412.1,871.5,5344,272,20674,35,48
2026-08-25T17:54:22Z,16082,9,1412.3,871.8,5348,272,20673,35,47
2026-08-25T17:55:25Z,16145,9,1420.4,880,5351,273,20674,35,45.8
2026-08-25T17:56:29Z,16208,9,1418,877.4,5354,273,20674,35,42.33
2026-08-25T17:57:32Z,16271,9,1418.7,878.4,5352,273,20673,35,42.48
2026-08-25T17:58:35Z,16334,9,1419.9,879.4,5353,273,20716,34.9,41
2026-08-25T17:59:38Z,16397,9,1420.5,880.3,5350,272,20622,35,37.88
2026-08-25T18:00:41Z,16460,9,1418.3,878.2,5352,272,20545,35.1,40.91
2026-08-25T18:01:44Z,16523,9,1418.6,878.4,5346,272,20623,35,45.81
2026-08-25T18:02:47Z,16586,9,1419.9,879.7,5348,272,20618,35,44.56
2026-08-25T18:03:50Z,16649,9,1419.3,879,5346,271,20630,35,45.84
2026-08-25T18:04:53Z,16712,9,1421.2,881.2,5348,272,20628,35,46.7
2026-08-25T18:05:56Z,16775,9,1421.7,881.7,5348,272,20637,34.9,43.56
2026-08-25T18:06:59Z,16838,9,1420.1,880.3,5348,272,20639,34.9,38.97
2026-08-25T18:08:02Z,16901,9,1422.4,882.6,5348,272,20632,34.9,40.3
2026-08-25T18:09:05Z,16964,9,1424.9,885.1,5348,273,20578,35.1,38.41
2026-08-25T18:10:08Z,17027,9,1420.9,880.9,5348,273,20523,35.1,36.55
2026-08-25T18:11:11Z,17090,9,1422.5,882.5,5346,272,20529,35.1,37.72
2026-08-25T18:12:14Z,17154,9,1421.8,881.8,5346,272,20636,34.9,40.53
2026-08-25T18:13:17Z,17217,9,1420,880.3,5344,272,20635,34.9,39.64
2026-08-25T18:14:20Z,17280,9,1419.5,879.7,5346,272,20646,34.9,44.89
2026-08-25T18:15:24Z,17343,9,1418.9,878.9,5344,272,20646,34.9,42.45
2026-08-25T18:16:27Z,17406,9,1421.6,881.6,5346,272,20545,35.1,36.62
2026-08-25T18:17:30Z,17469,9,1419.3,879.9,5345,271,20621,34.9,39.83
2026-08-25T18:18:33Z,17532,9,1409.1,879.9,5348,272,20555,35.1,35.55
2026-08-25T18:19:36Z,17595,9,1411.2,881.9,5344,271,20428,35.4,33.28
2026-08-25T18:20:39Z,17658,9,1410.9,881.2,5346,272,20477,35.2,37.31
2026-08-25T18:21:42Z,17721,9,1410.3,880.7,5344,271,20569,35.1,40.02
2026-08-25T18:22:45Z,17784,9,1407.5,878.7,5348,272,20586,35.1,41.91
2026-08-25T18:23:48Z,17847,9,1407.5,878.2,5348,272,20577,35.1,45.19
2026-08-25T18:24:51Z,17910,9,1402.2,872.8,5360,273,20615,34.9,46.19
2026-08-25T18:25:54Z,17973,9,1411.5,882.6,5357,275,20590,35,48.34
2026-08-25T18:26:57Z,18036,9,1412.8,884.2,5353,275,20622,34.9,42.94
2026-08-25T18:28:00Z,18099,9,1413.2,884.3,5353,273,20627,34.9,44.08
2026-08-25T18:29:03Z,18162,9,1413.6,885.3,5351,273,20633,34.9,41.19
2026-08-25T18:30:06Z,18225,9,1419.4,890.9,5350,272,20297,35.6,40.34
2026-08-25T18:31:09Z,18288,9,1412.4,883.7,5350,272,20508,35.1,42.25
2026-08-25T18:32:12Z,18351,9,1412.5,883.7,5349,272,20585,35,46.91
2026-08-25T18:33:15Z,18415,9,1411.4,883.1,5346,274,20565,35.1,45.38
2026-08-25T18:34:18Z,18478,9,1412.6,884.3,5348,274,20708,35.1,45.81
2026-08-25T18:35:21Z,18541,9,1412.2,883.8,5344,272,20723,35,47.59
2026-08-25T18:36:25Z,18604,9,1412.7,884.3,5351,275,20715,35,45.31
2026-08-25T18:37:28Z,18667,9,1413.5,884.8,5346,273,20742,35,40.5
2026-08-25T18:38:31Z,18730,9,1413.7,885,5348,274,20753,34.9,38.11
2026-08-25T18:39:34Z,18793,9,1415.3,886.5,5350,275,20599,35.3,39.31
2026-08-25T18:40:37Z,18856,9,1412.7,883.7,5347,274,20649,35.1,34.86
2026-08-25T18:41:40Z,18919,9,1414.9,886.2,5347,274,20656,35,40.17
2026-08-25T18:42:43Z,18982,9,1413.4,884.5,5349,275,20724,35,39.77
2026-08-25T18:43:46Z,19045,9,1413.6,884.9,5349,275,20719,35,39.98
2026-08-25T18:44:49Z,19108,9,1413.2,884.5,5344,272,20720,35,44.02
2026-08-25T18:45:52Z,19171,9,1413.4,884.3,5344,272,20488,35.7,42.31
2026-08-25T18:46:55Z,19234,9,1413.9,885,5343,272,20674,35,40.39
2026-08-25T18:47:58Z,19297,9,1414.9,886.4,5344,272,20686,35,37.89
2026-08-25T18:49:01Z,19360,9,1412.5,883.9,5342,272,20696,35,36.75
2026-08-25T18:50:04Z,19423,9,1413.4,884.6,5344,272,20661,35,34.08
2026-08-25T18:51:07Z,19486,9,1413.9,885.1,5342,272,20616,35.2,37.94
2026-08-25T18:52:10Z,19549,9,1414.4,885.6,5344,272,20707,35,39.41
2026-08-25T18:53:13Z,19612,9,1413.1,884.6,5342,272,20709,35,37.89
2026-08-25T18:54:16Z,19675,9,1414.7,886.1,5344,272,20721,35,43.66
2026-08-25T18:55:19Z,19739,9,1411.2,883,5349,274,20724,35,47.64
2026-08-25T18:56:22Z,19802,9,1414.3,885.4,5349,280,20714,35,47.42
2026-08-25T18:57:25Z,19865,9,1412.9,884,5349,272,20714,35,44.94
2026-08-25T18:58:29Z,19928,9,1413,884.1,5349,272,20717,35,43.02
2026-08-25T18:59:32Z,19991,9,1412.5,883.8,5350,273,20716,35,41.23
2026-08-25T19:00:35Z,20054,9,1414.6,885.9,5348,272,20566,35.3,36.2
2026-08-25T19:01:38Z,20117,9,1413.3,885.1,5346,272,20578,35.1,43.56
2026-08-25T19:02:41Z,20180,9,1413.1,884.5,5346,272,20670,34.9,42.78
2026-08-25T19:03:44Z,20243,9,1415.4,886.7,5344,272,20651,35,45.19
2026-08-25T19:04:47Z,20306,9,1413.5,884.4,5344,272,20659,35,44.83
2026-08-25T19:05:50Z,20369,9,1413.4,884.4,5344,272,20665,34.9,47.95
2026-08-25T19:06:53Z,20432,9,1415,886.1,5344,272,20660,35,47.23
2026-08-25T19:07:56Z,20495,9,1415.2,886.5,5346,272,20662,34.9,43.89
2026-08-25T19:08:59Z,20558,9,1413.9,885.3,5342,272,20658,35,39.77
2026-08-25T19:10:02Z,20621,9,1413.6,884.8,5344,272,20575,35.1,34.19
2026-08-25T19:11:05Z,20684,9,1415.6,886.9,5342,272,20574,35.1,39.25
2026-08-25T19:12:08Z,20747,9,1416.3,888.1,5344,272,20649,35,38.94
2026-08-25T19:13:11Z,20810,9,1415.2,886.6,5342,272,20644,35,40.47
2026-08-25T19:14:14Z,20873,9,1416,887.4,5344,272,20644,35,38.42
2026-08-25T19:15:17Z,20936,9,1414.4,885.5,5342,271,20645,35,41.08
2026-08-25T19:16:20Z,21000,9,1414,885,5344,271,20583,35.1,41.75
2026-08-25T19:17:23Z,21063,9,1414.8,886.1,5344,272,20623,35,43.45
2026-08-25T19:18:26Z,21126,9,1415.2,886.3,5344,272,20641,35,41.72
2026-08-25T19:19:29Z,21189,9,1415.5,886.9,5345,272,20642,35,36.69
2026-08-25T19:20:33Z,21252,9,1413.8,884.9,5345,272,20563,35.1,34.94
2026-08-25T19:21:36Z,21315,9,1415.5,886.9,5344,272,20563,35.1,39.08
2026-08-25T19:22:39Z,21378,9,1416.4,887.8,5344,272,20622,35,38.38
2026-08-25T19:23:42Z,21441,9,1414,885,5344,272,20623,35.1,39.41
2026-08-25T19:24:45Z,21504,9,1426.3,897.4,5374,274,20610,35.1,41.77
2026-08-25T19:25:48Z,21567,9,1425.4,895.6,5369,276,20619,35.2,41.17
2026-08-25T19:26:51Z,21630,9,1423.5,893.5,5365,275,20615,35.1,43.91
2026-08-25T19:27:54Z,21693,9,1422.5,892.6,5367,274,20617,35.1,44.64
2026-08-25T19:28:57Z,21756,9,1424,894.4,5363,273,20614,35.1,40.34
2026-08-25T19:30:00Z,21819,9,1423.7,893.8,5364,273,20478,35.5,34.3
2026-08-25T19:31:03Z,21882,9,1422.5,892.8,5362,273,20498,35.2,37.69
2026-08-25T19:32:06Z,21945,9,1427.6,898,5362,273,20592,35.1,39.42
2026-08-25T19:33:09Z,22008,9,1424.2,894.9,5360,272,20594,35.5,35.86
2026-08-25T19:34:12Z,22071,9,1424.9,895.6,5362,275,20622,35.1,34.33
2026-08-25T19:35:15Z,22134,9,1424.5,894.8,5362,275,20632,35.1,40.78
2026-08-25T19:36:18Z,22197,9,1422.8,893.2,5362,273,20640,35.1,45.86
2026-08-25T19:37:21Z,22260,9,1422.4,892.7,5362,273,20648,35.1,46.64
2026-08-25T19:38:24Z,22323,9,1427.7,898,5368,275,20645,35.1,46.34
2026-08-25T19:39:27Z,22387,9,1422.9,893,5369,275,20704,35,37.11
2026-08-25T19:40:30Z,22450,9,1428.5,898.9,5365,275,20602,35.1,37.31
2026-08-25T19:41:33Z,22513,9,1423.1,893.6,5367,275,20603,35.1,43.03
2026-08-25T19:42:37Z,22576,9,1425,895.6,5366,275,20687,35,42.41
2026-08-25T19:43:40Z,22639,9,1424.6,895,5366,275,20683,35,43.84
2026-08-25T19:44:43Z,22702,9,1422.6,893.1,5364,275,20673,35.1,43.67
2026-08-25T19:45:46Z,22765,9,1423.8,894.2,5366,275,20679,35,45.92
2026-08-25T19:46:49Z,22828,9,1421.8,892,5364,275,20676,35,46.78
2026-08-25T19:47:52Z,22891,9,1423.4,893.9,5367,275,20675,35.1,47.31
2026-08-25T19:48:55Z,22954,9,1423.1,893.2,5364,274,20665,35.2,46.27
2026-08-25T19:49:58Z,23017,9,1422.1,892.2,5366,275,20603,35.3,38.03
2026-08-25T19:51:01Z,23080,9,1422,891.9,5364,273,20594,35.1,32.92
2026-08-25T19:52:04Z,23143,9,1423.3,893.5,5366,275,20583,35.2,38.81
2026-08-25T19:53:07Z,23206,9,1422.3,892.4,5366,275,20679,35,37.58
2026-08-25T19:54:10Z,23269,9,1422.3,892.7,5366,275,20686,35,40.41
2026-08-25T19:55:13Z,23332,9,1419.2,889.9,5371,276,20684,35,39.84
2026-08-25T19:56:16Z,23395,9,1424.2,894.7,5371,276,20691,35,41.92
2026-08-25T19:57:19Z,23458,9,1424.6,895.2,5373,276,20681,35,42.59
2026-08-25T19:58:22Z,23521,9,1423.1,893.7,5371,276,20684,35,43.94
2026-08-25T19:59:25Z,23584,9,1423,893.6,5373,276,20680,35,40.33
2026-08-25T20:00:28Z,23648,9,1423.1,893.8,5368,275,20531,35.1,33.28
2026-08-25T20:01:31Z,23711,9,1423.5,894.8,5367,275,20539,35.1,36.14
2026-08-25T20:02:34Z,23774,9,1422.6,893.3,5366,275,20614,35,38.3
2026-08-25T20:03:38Z,23837,9,1424,894.4,5376,278,20583,35.1,37.47
2026-08-25T20:04:41Z,23900,9,1424,894.4,5371,278,20594,35.1,38.31
2026-08-25T20:05:44Z,23963,9,1424.5,894.8,5369,277,20607,35,41.69
2026-08-25T20:06:47Z,24026,9,1425.6,896,5374,277,20597,35.1,45.62
2026-08-25T20:07:50Z,24089,9,1423.5,893.7,5376,277,20538,35.4,43.45
2026-08-25T20:08:53Z,24152,9,1424.3,894.8,5369,276,20587,35.1,47.62
2026-08-25T20:09:56Z,24215,9,1421.3,891.5,5369,277,20587,35.1,43.69
2026-08-25T20:10:59Z,24278,9,1421.3,891.9,5375,278,20519,35.2,34.73
2026-08-25T20:12:02Z,24341,9,1427.4,897.6,5373,278,20449,35.4,42.39
2026-08-25T20:13:05Z,24404,9,1422.7,892.8,5369,277,20561,35.1,43.69
2026-08-25T20:14:08Z,24467,9,1421.4,891.8,5369,278,20592,35.1,44.34
2026-08-25T20:15:11Z,24530,9,1423.3,893.9,5369,278,20620,35,43.08
2026-08-25T20:16:14Z,24593,9,1422.3,892.7,5366,275,20618,35,46.19
2026-08-25T20:17:17Z,24656,9,1421.6,892.2,5366,275,20622,35,44.97
