iso,epochMs,elapsedSec,ok,errorKind,runId,appUptimeSec,mode,panelCount,memoryMb,memoryPeakMb,mem_Browser,mem_Tab,mem_GPU,mem_Utility,mem_Other,crashes,failedLoads,loads,watchdogReloads,watchdogDeferrals,timerRefreshes,recycles,memoryRecycles,memoryLimitHits,memoryAllInUse,memoryPressure,panelsCrashedNow,panelsLoadingNow,maxReloadAttemptsPeak,urlDrifted,lastRecycleReclaimedMb,lastRecycleGone
2026-08-25T13:26:20.607Z,1787664380607,0,1,,35c9c808,112,grid,4,1379,1399,119,764,427,69,,0,0,0,0,0,0,0,0,0,0,0,0,0,0,1,,
2026-08-25T13:27:20.637Z,1787664440637,60,1,,35c9c808,172,grid,4,1381,1399,119,766,427,68,,0,0,0,0,0,0,0,0,0,0,0,0,0,0,1,,
2026-08-25T13:28:20.653Z,1787664500653,120,1,,35c9c808,232,grid,4,1381,1399,119,767,426,69,,0,0,0,0,0,0,0,0,0,0,0,0,0,0,1,,
2026-08-25T13:29:20.672Z,1787664560672,180,1,,35c9c808,292,grid,4,1382,1399,119,768,426,68,,0,0,0,0,0,0,0,0,0,0,0,0,0,0,1,,
2026-08-25T13:30:20.689Z,1787664620689,240,1,,35c9c808,352,grid,4,1386,1399,120,770,428,69,,0,0,0,0,0,0,0,0,0,0,0,0,0,0,1,,
2026-08-25T13:31:20.708Z,1787664680708,300,1,,35c9c808,412,grid,4,1385,1399,120,768,428,69,,0,0,0,0,0,0,0,0,0,0,0,0,0,0,1,,
2026-08-25T13:32:20.726Z,1787664740726,360,1,,35c9c808,472,grid,4,1386,1399,120,770,428,68,,0,0,0,0,0,0,0,0,0,0,0,0,0,0,1,,
2026-08-25T13:33:20.743Z,1787664800743,420,1,,35c9c808,532,grid,4,1383,1399,120,767,426,69,,0,0,0,0,0,0,0,0,0,0,0,0,0,0,1,,
2026-08-25T13:34:20.762Z,1787664860762,480,1,,35c9c808,592,grid,4,1385,1399,121,768,428,69,,0,0,0,0,0,0,0,0,0,0,0,0,0,0,1,,
2026-08-25T13:35:20.781Z,1787664920781,540,1,,35c9c808,652,grid,4,1385,1399,120,770,426,68,,0,0,0,0,0,0,0,0,0,0,0,0,0,0,1,,
2026-08-25T13:36:20.798Z,1787664980798,600,1,,35c9c808,712,grid,4,1384,1399,120,768,427,68,,0,0,0,0,0,0,0,0,0,0,0,0,0,0,1,,
2026-08-25T13:37:20.815Z,1787665040815,660,1,,35c9c808,772,grid,4,1386,1399,120,769,428,68,,0,0,0,0,0,0,0,0,0,0,0,0,0,0,1,,
2026-08-25T13:38:20.834Z,1787665100834,720,1,,35c9c808,832,grid,4,1386,1399,121,770,426,68,,0,0,0,0,0,0,0,0,0,0,0,0,0,0,1,,
2026-08-25T13:39:20.851Z,1787665160851,780,1,,35c9c808,892,grid,4,1386,1399,120,769,428,68,,0,0,0,0,0,0,0,0,0,0,0,0,0,0,1,,
2026-08-25T13:40:20.869Z,1787665220869,840,1,,35c9c808,952,grid,4,1385,1399,121,770,426,68,,0,0,0,0,0,0,0,0,0,0,0,0,0,0,1,,
2026-08-25T13:41:20.888Z,1787665280888,900,1,,35c9c808,1012,grid,4,1386,1399,121,771,426,68,,0,0,0,0,0,0,0,0,0,0,0,0,0,0,1,,
2026-08-25T13:42:20.906Z,1787665340906,960,1,,35c9c808,1072,grid,4,1386,1399,121,770,426,68,,0,0,0,0,0,0,0,0,0,0,0,0,0,0,1,,
2026-08-25T13:43:20.923Z,1787665400923,1020,1,,35c9c808,1132,grid,4,1384,1399,120,770,426,68,,0,0,0,0,0,0,0,0,0,0,0,0,0,0,1,,
2026-08-25T13:44:20.940Z,1787665460940,1080,1,,35c9c808,1192,grid,4,1386,1399,120,771,427,68,,0,0,0,0,0,0,0,0,0,0,0,0,0,0,1,,
2026-08-25T13:45:20.961Z,1787665520961,1140,1,,35c9c808,1252,grid,4,1390,1399,120,771,431,68,,0,0,0,0,0,0,0,0,0,0,0,0,0,0,1,,
2026-08-25T13:46:20.978Z,1787665580978,1200,1,,35c9c808,1312,grid,4,1388,1399,120,771,428,68,,0,0,0,0,0,0,0,0,0,0,0,0,0,0,1,,
2026-08-25T13:47:20.996Z,1787665640996,1260,1,,35c9c808,1372,grid,4,1389,1399,120,772,428,68,,0,0,0,0,0,0,0,0,0,0,0,0,0,0,1,,
2026-08-25T13:48:21.014Z,1787665701014,1320,1,,35c9c808,1432,grid,4,1388,1399,120,772,428,68,,0,0,0,0,0,0,0,0,0,0,0,0,0,0,1,,
2026-08-25T13:49:21.032Z,1787665761032,1380,1,,35c9c808,1492,grid,4,1388,1399,120,772,428,68,,0,0,0,0,0,0,0,0,0,0,0,0,0,0,1,,
2026-08-25T13:50:21.049Z,1787665821049,1440,1,,35c9c808,1552,grid,4,1386,1399,120,772,426,68,,0,0,0,0,0,0,0,0,0,0,0,0,0,0,1,,
2026-08-25T13:51:21.068Z,1787665881068,1500,1,,35c9c808,1612,grid,4,1388,1399,120,771,428,68,,0,0,0,0,0,0,0,0,0,0,0,0,0,0,1,,
2026-08-25T13:52:21.085Z,1787665941085,1560,1,,35c9c808,1672,grid,4,1387,1399,120,771,428,68,,0,0,0,0,0,0,0,0,0,0,0,0,0,0,1,,
2026-08-25T13:53:21.103Z,1787666001103,1620,1,,35c9c808,1732,grid,4,1388,1399,120,772,428,68,,0,0,0,0,0,0,0,0,0,0,0,0,0,0,1,,
2026-08-25T13:54:21.121Z,1787666061121,1681,1,,35c9c808,1792,grid,4,1388,1399,120,771,429,68,,0,0,0,0,0,0,0,0,0,0,0,0,0,0,1,,
2026-08-25T13:55:21.139Z,1787666121139,1741,1,,35c9c808,1852,grid,4,1400,1399,121,772,439,68,,0,0,0,0,0,0,0,0,0,0,0,0,0,0,1,,
2026-08-25T13:56:21.157Z,1787666181157,1801,1,,35c9c808,1912,grid,4,1406,1403,121,774,443,68,,0,0,0,0,0,0,0,0,0,0,0,0,0,0,1,,
2026-08-25T13:57:21.175Z,1787666241175,1861,1,,35c9c808,1972,grid,4,1404,1403,121,774,441,68,,0,0,0,0,0,0,0,0,0,0,0,0,0,0,1,,
2026-08-25T13:58:21.194Z,1787666301194,1921,1,,35c9c808,2032,grid,4,1403,1404,121,775,439,68,,0,0,0,0,0,0,0,0,0,0,0,0,0,0,1,,
2026-08-25T13:59:21.212Z,1787666361212,1981,1,,35c9c808,2092,grid,4,1403,1404,121,775,439,68,,0,0,0,0,0,0,0,0,0,0,0,0,0,0,1,,
2026-08-25T14:00:21.231Z,1787666421231,2041,1,,35c9c808,2152,grid,4,1403,1404,121,775,439,68,,0,0,0,0,0,0,0,0,0,0,0,0,0,0,1,,
2026-08-25T14:01:21.247Z,1787666481247,2101,1,,35c9c808,2212,grid,4,1403,1404,120,776,439,68,,0,0,0,0,0,0,0,0,0,0,0,0,0,0,1,,
2026-08-25T14:02:21.266Z,1787666541266,2161,1,,35c9c808,2272,grid,4,1407,1404,120,775,443,68,,0,0,0,0,0,0,0,0,0,0,0,0,0,0,1,,
2026-08-25T14:03:21.284Z,1787666601284,2221,1,,35c9c808,2332,grid,4,1403,1404,120,774,441,68,,0,0,0,0,0,0,0,0,0,0,0,0,0,0,1,,
2026-08-25T14:04:21.301Z,1787666661301,2281,1,,35c9c808,2392,grid,4,1402,1404,120,775,439,68,,0,0,0,0,0,0,0,0,0,0,0,0,0,0,1,,
2026-08-25T14:05:21.319Z,1787666721319,2341,1,,35c9c808,2452,grid,4,1402,1404,120,774,439,68,,0,0,0,0,0,0,0,0,0,0,0,0,0,0,1,,
2026-08-25T14:06:21.338Z,1787666781338,2401,1,,35c9c808,2512,grid,4,1404,1404,120,775,441,68,,0,0,0,0,0,0,0,0,0,0,0,0,0,0,1,,
2026-08-25T14:07:21.354Z,1787666841354,2461,1,,35c9c808,2572,grid,4,1408,1404,120,775,445,68,,0,0,0,0,0,0,0,0,0,0,0,0,0,0,1,,
2026-08-25T14:08:21.374Z,1787666901374,2521,1,,35c9c808,2632,grid,4,1402,1404,120,775,439,68,,0,0,0,0,0,0,0,0,0,0,0,0,0,0,1,,
2026-08-25T14:09:21.392Z,1787666961392,2581,1,,35c9c808,2692,grid,4,1403,1404,120,775,439,68,,0,0,0,0,0,0,0,0,0,0,0,0,0,0,1,,
2026-08-25T14:10:21.410Z,1787667021410,2641,1,,35c9c808,2752,grid,4,1404,1404,120,776,439,68,,0,0,0,0,0,0,0,0,0,0,0,0,0,0,1,,
2026-08-25T14:11:21.427Z,1787667081427,2701,1,,35c9c808,2812,grid,4,1403,1404,121,775,439,68,,0,0,0,0,0,0,0,0,0,0,0,0,0,0,1,,
2026-08-25T14:12:21.446Z,1787667141446,2761,1,,35c9c808,2872,grid,4,1405,1404,121,775,441,68,,0,0,0,0,0,0,0,0,0,0,0,0,0,0,1,,
2026-08-25T14:13:21.463Z,1787667201463,2821,1,,35c9c808,2932,grid,4,1404,1404,121,776,439,68,,0,0,0,0,0,0,0,0,0,0,0,0,0,0,1,,
2026-08-25T14:14:21.481Z,1787667261481,2881,1,,35c9c808,2992,grid,4,1403,1406,121,775,439,68,,0,0,0,0,0,0,0,0,0,0,0,0,0,0,1,,
2026-08-25T14:15:21.500Z,1787667321500,2941,1,,35c9c808,3052,grid,4,1405,1406,121,776,441,68,,0,0,0,0,0,0,0,0,0,0,0,0,0,0,1,,
2026-08-25T14:16:21.517Z,1787667381517,3001,1,,35c9c808,3112,grid,4,1404,1406,121,776,439,68,,0,0,0,0,0,0,0,0,0,0,0,0,0,0,1,,
2026-08-25T14:17:21.536Z,1787667441536,3061,1,,35c9c808,3172,grid,4,1406,1406,121,776,441,68,,0,0,0,0,0,0,0,0,0,0,0,0,0,0,1,,
2026-08-25T14:18:21.553Z,1787667501553,3121,1,,35c9c808,3233,grid,4,1405,1406,121,776,441,68,,0,0,0,0,0,0,0,0,0,0,0,0,0,0,1,,
2026-08-25T14:19:21.571Z,1787667561571,3181,1,,35c9c808,3293,grid,4,1406,1406,121,776,441,68,,0,0,0,0,0,0,0,0,0,0,0,0,0,0,1,,
2026-08-25T14:20:21.588Z,1787667621588,3241,1,,35c9c808,3353,grid,4,1404,1406,120,777,439,68,,0,0,0,0,0,0,0,0,0,0,0,0,0,0,1,,
2026-08-25T14:21:21.608Z,1787667681608,3301,1,,35c9c808,3413,grid,4,1405,1406,120,776,441,68,,0,0,0,0,0,0,0,0,0,0,0,0,0,0,1,,
2026-08-25T14:22:21.626Z,1787667741626,3361,1,,35c9c808,3473,grid,4,1405,1406,120,776,441,68,,0,0,0,0,0,0,0,0,0,0,0,0,0,0,1,,
2026-08-25T14:23:21.642Z,1787667801642,3421,1,,35c9c808,3533,grid,4,1406,1406,120,777,441,68,,0,0,0,0,0,0,0,0,0,0,0,0,0,0,1,,
2026-08-25T14:24:21.662Z,1787667861662,3481,1,,35c9c808,3593,grid,4,1405,1406,120,776,441,68,,0,0,0,0,0,0,0,0,0,0,0,0,0,0,1,,
2026-08-25T14:25:21.678Z,1787667921678,3541,1,,35c9c808,3653,grid,4,1409,1406,121,776,444,68,,0,0,0,0,0,0,0,0,0,0,0,0,0,0,1,,
2026-08-25T14:26:21.696Z,1787667981696,3601,1,,35c9c808,3713,grid,4,1408,1408,121,776,444,68,,0,0,0,0,0,0,0,0,0,0,0,0,0,0,1,,
2026-08-25T14:27:21.714Z,1787668041714,3661,1,,35c9c808,3773,grid,4,1407,1408,121,777,442,68,,0,0,0,0,0,0,0,0,0,0,0,0,0,0,1,,
2026-08-25T14:28:21.732Z,1787668101732,3721,1,,35c9c808,3833,grid,4,1408,1408,121,776,444,68,,0,0,0,0,0,0,0,0,0,0,0,0,0,0,1,,
2026-08-25T14:29:21.751Z,1787668161751,3781,1,,35c9c808,3893,grid,4,1408,1408,121,777,442,68,,0,0,0,0,0,0,0,0,0,0,0,0,0,0,1,,
2026-08-25T14:30:21.769Z,1787668221769,3841,1,,35c9c808,3953,grid,4,1406,1409,121,777,440,68,,0,0,0,0,0,0,0,0,0,0,0,0,0,0,1,,
2026-08-25T14:31:21.786Z,1787668281786,3901,1,,35c9c808,4013,grid,4,1406,1409,121,777,440,68,,0,0,0,0,0,0,0,0,0,0,0,0,0,0,1,,
2026-08-25T14:32:21.804Z,1787668341804,3961,1,,35c9c808,4073,grid,4,1406,1409,121,777,440,68,,0,0,0,0,0,0,0,0,0,0,0,0,0,0,1,,
2026-08-25T14:33:21.823Z,1787668401823,4021,1,,35c9c808,4133,grid,4,1406,1409,121,778,440,68,,0,0,0,0,0,0,0,0,0,0,0,0,0,0,1,,
2026-08-25T14:34:21.841Z,1787668461841,4081,1,,35c9c808,4193,grid,4,1406,1409,121,778,440,68,,0,0,0,0,0,0,0,0,0,0,0,0,0,0,1,,
2026-08-25T14:35:21.859Z,1787668521859,4141,1,,35c9c808,4253,grid,4,1406,1409,121,777,440,68,,0,0,0,0,0,0,0,0,0,0,0,0,0,0,1,,
2026-08-25T14:36:21.875Z,1787668581875,4201,1,,35c9c808,4313,grid,4,1406,1409,121,778,440,68,,0,0,0,0,0,0,0,0,0,0,0,0,0,0,1,,
2026-08-25T14:37:21.895Z,1787668641895,4261,1,,35c9c808,4373,grid,4,1406,1409,121,778,440,68,,0,0,0,0,0,0,0,0,0,0,0,0,0,0,1,,
2026-08-25T14:38:21.912Z,1787668701912,4321,1,,35c9c808,4433,grid,4,1407,1409,121,778,440,68,,0,0,0,0,0,0,0,0,0,0,0,0,0,0,1,,
2026-08-25T14:39:21.930Z,1787668761930,4381,1,,35c9c808,4493,grid,4,1407,1409,121,779,440,68,,0,0,0,0,0,0,0,0,0,0,0,0,0,0,1,,
2026-08-25T14:40:21.948Z,1787668821948,4441,1,,35c9c808,4553,grid,4,1406,1409,121,778,440,68,,0,0,0,0,0,0,0,0,0,0,0,0,0,0,1,,
2026-08-25T14:41:21.964Z,1787668881964,4501,1,,35c9c808,4613,grid,4,1406,1409,121,778,440,68,,0,0,0,0,0,0,0,0,0,0,0,0,0,0,1,,
2026-08-25T14:42:21.983Z,1787668941983,4561,1,,35c9c808,4673,grid,4,1406,1409,121,778,440,68,,0,0,0,0,0,0,0,0,0,0,0,0,0,0,1,,
2026-08-25T14:43:22.001Z,1787669002001,4621,1,,35c9c808,4733,grid,4,1406,1409,121,778,440,68,,0,0,0,0,0,0,0,0,0,0,0,0,0,0,1,,
2026-08-25T14:44:22.019Z,1787669062019,4681,1,,35c9c808,4793,grid,4,1406,1409,121,778,440,68,,0,0,0,0,0,0,0,0,0,0,0,0,0,0,1,,
2026-08-25T14:45:22.037Z,1787669122037,4741,1,,35c9c808,4853,grid,4,1407,1409,121,778,440,68,,0,0,0,0,0,0,0,0,0,0,0,0,0,0,1,,
2026-08-25T14:46:22.057Z,1787669182057,4801,1,,35c9c808,4913,grid,4,1406,1409,121,778,440,68,,0,0,0,0,0,0,0,0,0,0,0,0,0,0,1,,
2026-08-25T14:47:22.074Z,1787669242074,4861,1,,35c9c808,4973,grid,4,1407,1409,121,778,440,68,,0,0,0,0,0,0,0,0,0,0,0,0,0,0,1,,
2026-08-25T14:48:22.090Z,1787669302090,4921,1,,35c9c808,5033,grid,4,1408,1409,121,779,440,68,,0,0,0,0,0,0,0,0,0,0,0,0,0,0,1,,
2026-08-25T14:49:22.108Z,1787669362108,4982,1,,35c9c808,5093,grid,4,1407,1409,121,778,440,68,,0,0,0,0,0,0,0,0,0,0,0,0,0,0,1,,
2026-08-25T14:50:22.126Z,1787669422126,5042,1,,35c9c808,5153,grid,4,1407,1409,121,778,440,68,,0,0,0,0,0,0,0,0,0,0,0,0,0,0,1,,
2026-08-25T14:51:22.144Z,1787669482144,5102,1,,35c9c808,5213,grid,4,1408,1409,121,779,440,68,,0,0,0,0,0,0,0,0,0,0,0,0,0,0,1,,
2026-08-25T14:52:22.163Z,1787669542163,5162,1,,35c9c808,5273,grid,4,1407,1409,121,778,440,68,,0,0,0,0,0,0,0,0,0,0,0,0,0,0,1,,
2026-08-25T14:53:22.180Z,1787669602180,5222,1,,35c9c808,5333,grid,4,1408,1409,121,779,440,68,,0,0,0,0,0,0,0,0,0,0,0,0,0,0,1,,
2026-08-25T14:54:22.199Z,1787669662199,5282,1,,35c9c808,5393,grid,4,1408,1409,121,779,440,68,,0,0,0,0,0,0,0,0,0,0,0,0,0,0,1,,
2026-08-25T14:55:22.217Z,1787669722217,5342,1,,35c9c808,5453,grid,4,1410,1409,121,777,443,68,,0,0,0,0,0,0,0,0,0,0,0,0,0,0,1,,
2026-08-25T14:56:22.234Z,1787669782234,5402,1,,35c9c808,5513,grid,4,1411,1411,121,780,442,68,,0,0,0,0,0,0,0,0,0,0,0,0,0,0,1,,
2026-08-25T14:57:22.252Z,1787669842252,5462,1,,35c9c808,5573,grid,4,1411,1413,121,781,442,68,,0,0,0,0,0,0,0,0,0,0,0,0,0,0,1,,
2026-08-25T14:58:22.269Z,1787669902269,5522,1,,35c9c808,5633,grid,4,1413,1413,121,781,443,68,,0,0,0,0,0,0,0,0,0,0,0,0,0,0,1,,
2026-08-25T14:59:22.287Z,1787669962287,5582,1,,35c9c808,5693,grid,4,1412,1413,121,780,443,68,,0,0,0,0,0,0,0,0,0,0,0,0,0,0,1,,
2026-08-25T15:00:22.306Z,1787670022306,5642,1,,35c9c808,5753,grid,4,1415,1413,121,780,446,68,,0,0,0,0,0,0,0,0,0,0,0,0,0,0,1,,
2026-08-25T15:01:22.324Z,1787670082324,5702,1,,35c9c808,5813,grid,4,1417,1415,121,781,447,68,,0,0,0,0,0,0,0,0,0,0,0,0,0,0,1,,
2026-08-25T15:02:22.341Z,1787670142341,5762,1,,35c9c808,5873,grid,4,1413,1415,121,781,443,68,,0,0,0,0,0,0,0,0,0,0,0,0,0,0,1,,
2026-08-25T15:03:22.359Z,1787670202359,5822,1,,35c9c808,5933,grid,4,1411,1415,121,780,442,68,,0,0,0,0,0,0,0,0,0,0,0,0,0,0,1,,
2026-08-25T15:04:22.378Z,1787670262378,5882,1,,35c9c808,5993,grid,4,1411,1415,121,781,442,68,,0,0,0,0,0,0,0,0,0,0,0,0,0,0,1,,
2026-08-25T15:05:22.395Z,1787670322395,5942,1,,35c9c808,6053,grid,4,1411,1415,121,780,442,68,,0,0,0,0,0,0,0,0,0,0,0,0,0,0,1,,
2026-08-25T15:06:22.414Z,1787670382414,6002,1,,35c9c808,6113,grid,4,1408,1415,121,778,442,68,,0,0,0,0,0,0,0,0,0,0,0,0,0,0,1,,
2026-08-25T15:07:22.431Z,1787670442431,6062,1,,35c9c808,6173,grid,4,1411,1415,121,778,443,68,,0,0,0,0,0,0,0,0,0,0,0,0,0,0,1,,
2026-08-25T15:08:22.449Z,1787670502449,6122,1,,35c9c808,6233,grid,4,1411,1415,121,778,443,68,,0,0,0,0,0,0,0,0,0,0,0,0,0,0,1,,
2026-08-25T15:09:22.467Z,1787670562467,6182,1,,35c9c808,6293,grid,4,1415,1415,121,779,447,68,,0,0,0,0,0,0,0,0,0,0,0,0,0,0,1,,
2026-08-25T15:10:22.485Z,1787670622485,6242,1,,35c9c808,6353,grid,4,1409,1415,121,779,442,68,,0,0,0,0,0,0,0,0,0,0,0,0,0,0,1,,
2026-08-25T15:11:22.503Z,1787670682503,6302,1,,35c9c808,6413,grid,4,1409,1415,121,778,442,68,,0,0,0,0,0,0,0,0,0,0,0,0,0,0,1,,
2026-08-25T15:12:22.521Z,1787670742521,6362,1,,35c9c808,6473,grid,4,1410,1415,121,779,442,68,,0,0,0,0,0,0,0,0,0,0,0,0,0,0,1,,
2026-08-25T15:13:22.538Z,1787670802538,6422,1,,35c9c808,6533,grid,4,1409,1415,121,779,442,68,,0,0,0,0,0,0,0,0,0,0,0,0,0,0,1,,
2026-08-25T15:14:22.556Z,1787670862556,6482,1,,35c9c808,6594,grid,4,1411,1415,121,779,443,68,,0,0,0,0,0,0,0,0,0,0,0,0,0,0,1,,
2026-08-25T15:15:22.576Z,1787670922576,6542,1,,35c9c808,6654,grid,4,1414,1415,121,779,446,68,,0,0,0,0,0,0,0,0,0,0,0,0,0,0,1,,
2026-08-25T15:16:22.594Z,1787670982594,6602,1,,35c9c808,6714,grid,4,1410,1415,121,780,442,68,,0,0,0,0,0,0,0,0,0,0,0,0,0,0,1,,
2026-08-25T15:17:22.609Z,1787671042609,6662,1,,35c9c808,6774,grid,4,1415,1415,121,779,447,68,,0,0,0,0,0,0,0,0,0,0,0,0,0,0,1,,
2026-08-25T15:18:22.628Z,1787671102628,6722,1,,35c9c808,6834,grid,4,1410,1415,121,779,442,68,,0,0,0,0,0,0,0,0,0,0,0,0,0,0,1,,
2026-08-25T15:19:22.647Z,1787671162647,6782,1,,35c9c808,6894,grid,4,1410,1415,121,780,442,68,,0,0,0,0,0,0,0,0,0,0,0,0,0,0,1,,
2026-08-25T15:20:22.666Z,1787671222666,6842,1,,35c9c808,6954,grid,4,1409,1415,121,779,442,68,,0,0,0,0,0,0,0,0,0,0,0,0,0,0,1,,
2026-08-25T15:21:22.684Z,1787671282684,6902,1,,35c9c808,7014,grid,4,1409,1415,121,779,442,68,,0,0,0,0,0,0,0,0,0,0,0,0,0,0,1,,
2026-08-25T15:22:22.701Z,1787671342701,6962,1,,35c9c808,7074,grid,4,1410,1415,121,779,442,68,,0,0,0,0,0,0,0,0,0,0,0,0,0,0,1,,
2026-08-25T15:23:22.718Z,1787671402718,7022,1,,35c9c808,7134,grid,4,1410,1415,121,780,442,68,,0,0,0,0,0,0,0,0,0,0,0,0,0,0,1,,
2026-08-25T15:24:22.735Z,1787671462735,7082,1,,35c9c808,7194,grid,4,1410,1415,121,779,442,68,,0,0,0,0,0,0,0,0,0,0,0,0,0,0,1,,
2026-08-25T15:25:22.752Z,1787671522752,7142,1,,35c9c808,7254,grid,4,1415,1415,121,780,446,68,,0,0,0,0,0,0,0,0,0,0,0,0,0,0,1,,
2026-08-25T15:26:22.773Z,1787671582773,7202,1,,35c9c808,7314,grid,4,1415,1415,121,780,446,68,,0,0,0,0,0,0,0,0,0,0,0,0,0,0,1,,
2026-08-25T15:27:22.791Z,1787671642791,7262,1,,35c9c808,7374,grid,4,1413,1415,121,780,445,68,,0,0,0,0,0,0,0,0,0,0,0,0,0,0,1,,
2026-08-25T15:28:22.808Z,1787671702808,7322,1,,35c9c808,7434,grid,4,1415,1415,121,780,446,68,,0,0,0,0,0,0,0,0,0,0,0,0,0,0,1,,
2026-08-25T15:29:22.825Z,1787671762825,7382,1,,35c9c808,7494,grid,4,1414,1419,121,780,445,68,,0,0,0,0,0,0,0,0,0,0,0,0,0,0,1,,
2026-08-25T15:30:22.844Z,1787671822844,7442,1,,35c9c808,7554,grid,4,1419,1419,122,781,449,68,,0,0,0,0,0,0,0,0,0,0,0,0,0,0,1,,
2026-08-25T15:31:22.861Z,1787671882861,7502,1,,35c9c808,7614,grid,4,1416,1419,121,780,447,68,,0,0,0,0,0,0,0,0,0,0,0,0,0,0,1,,
2026-08-25T15:32:22.879Z,1787671942879,7562,1,,35c9c808,7674,grid,4,1416,1419,121,780,446,68,,0,0,0,0,0,0,0,0,0,0,0,0,0,0,1,,
2026-08-25T15:33:22.898Z,1787672002898,7622,1,,35c9c808,7734,grid,4,1416,1419,121,781,446,68,,0,0,0,0,0,0,0,0,0,0,0,0,0,0,1,,
2026-08-25T15:34:22.916Z,1787672062916,7682,1,,35c9c808,7794,grid,4,1415,1419,121,780,447,68,,0,0,0,0,0,0,0,0,0,0,0,0,0,0,1,,
2026-08-25T15:35:22.933Z,1787672122933,7742,1,,35c9c808,7854,grid,4,1415,1419,121,780,446,68,,0,0,0,0,0,0,0,0,0,0,0,0,0,0,1,,
2026-08-25T15:36:22.952Z,1787672182952,7802,1,,35c9c808,7914,grid,4,1415,1419,121,781,445,68,,0,0,0,0,0,0,0,0,0,0,0,0,0,0,1,,
2026-08-25T15:37:22.969Z,1787672242969,7862,1,,35c9c808,7974,grid,4,1416,1419,121,781,447,68,,0,0,0,0,0,0,0,0,0,0,0,0,0,0,1,,
2026-08-25T15:38:22.986Z,1787672302986,7922,1,,35c9c808,8034,grid,4,1414,1419,121,781,445,68,,0,0,0,0,0,0,0,0,0,0,0,0,0,0,1,,
2026-08-25T15:39:23.004Z,1787672363004,7982,1,,35c9c808,8094,grid,4,1416,1419,121,781,446,68,,0,0,0,0,0,0,0,0,0,0,0,0,0,0,1,,
2026-08-25T15:40:23.021Z,1787672423021,8042,1,,35c9c808,8154,grid,4,1415,1419,121,781,445,68,,0,0,0,0,0,0,0,0,0,0,0,0,0,0,1,,
2026-08-25T15:41:23.041Z,1787672483041,8102,1,,35c9c808,8214,grid,4,1416,1419,121,781,447,68,,0,0,0,0,0,0,0,0,0,0,0,0,0,0,1,,
2026-08-25T15:42:23.058Z,1787672543058,8162,1,,35c9c808,8274,grid,4,1415,1419,121,781,445,68,,0,0,0,0,0,0,0,0,0,0,0,0,0,0,1,,
2026-08-25T15:43:23.076Z,1787672603076,8222,1,,35c9c808,8334,grid,4,1416,1419,121,781,447,68,,0,0,0,0,0,0,0,0,0,0,0,0,0,0,1,,
2026-08-25T15:44:23.095Z,1787672663095,8282,1,,35c9c808,8394,grid,4,1414,1419,121,781,445,68,,0,0,0,0,0,0,0,0,0,0,0,0,0,0,1,,
2026-08-25T15:45:23.111Z,1787672723111,8343,1,,35c9c808,8454,grid,4,1416,1419,121,780,446,68,,0,0,0,0,0,0,0,0,0,0,0,0,0,0,1,,
2026-08-25T15:46:23.130Z,1787672783130,8403,1,,35c9c808,8514,grid,4,1415,1419,121,781,445,68,,0,0,0,0,0,0,0,0,0,0,0,0,0,0,1,,
2026-08-25T15:47:23.148Z,1787672843148,8463,1,,35c9c808,8574,grid,4,1415,1419,121,781,445,68,,0,0,0,0,0,0,0,0,0,0,0,0,0,0,1,,
2026-08-25T15:48:23.166Z,1787672903166,8523,1,,35c9c808,8634,grid,4,1412,1419,121,781,443,68,,0,0,0,0,0,0,0,0,0,0,0,0,0,0,1,,
2026-08-25T15:49:23.184Z,1787672963184,8583,1,,35c9c808,8694,grid,4,1413,1419,121,781,443,68,,0,0,0,0,0,0,0,0,0,0,0,0,0,0,1,,
2026-08-25T15:50:23.200Z,1787673023200,8643,1,,35c9c808,8754,grid,4,1413,1419,121,781,443,68,,0,0,0,0,0,0,0,0,0,0,0,0,0,0,1,,
2026-08-25T15:51:23.220Z,1787673083220,8703,1,,35c9c808,8814,grid,4,1414,1419,121,782,443,68,,0,0,0,0,0,0,0,0,0,0,0,0,0,0,1,,
2026-08-25T15:52:23.238Z,1787673143238,8763,1,,35c9c808,8874,grid,4,1417,1419,121,782,445,68,,0,0,0,0,0,0,0,0,0,0,0,0,0,0,1,,
2026-08-25T15:53:23.257Z,1787673203257,8823,1,,35c9c808,8934,grid,4,1417,1419,121,782,447,68,,0,0,0,0,0,0,0,0,0,0,0,0,0,0,1,,
2026-08-25T15:54:23.276Z,1787673263276,8883,1,,35c9c808,8994,grid,4,1416,1419,121,782,445,68,,0,0,0,0,0,0,0,0,0,0,0,0,0,0,1,,
2026-08-25T15:55:23.293Z,1787673323293,8943,1,,35c9c808,9054,grid,4,1419,1422,121,779,450,68,,0,0,0,0,0,0,0,0,0,0,0,0,0,0,1,,
2026-08-25T15:56:23.312Z,1787673383312,9003,1,,35c9c808,9114,grid,4,1420,1422,121,782,449,68,,0,0,0,0,0,0,0,0,0,0,0,0,0,0,1,,
2026-08-25T15:57:23.330Z,1787673443330,9063,1,,35c9c808,9174,grid,4,1420,1422,121,783,449,68,,0,0,0,0,0,0,0,0,0,0,0,0,0,0,1,,
2026-08-25T15:58:23.349Z,1787673503349,9123,1,,35c9c808,9234,grid,4,1421,1422,121,783,449,68,,0,0,0,0,0,0,0,0,0,0,0,0,0,0,1,,
2026-08-25T15:59:23.367Z,1787673563367,9183,1,,35c9c808,9294,grid,4,1421,1422,121,783,449,68,,0,0,0,0,0,0,0,0,0,0,0,0,0,0,1,,
2026-08-25T16:00:23.385Z,1787673623385,9243,1,,35c9c808,9354,grid,4,1418,1422,121,783,446,68,,0,0,0,0,0,0,0,0,0,0,0,0,0,0,1,,
2026-08-25T16:01:23.404Z,1787673683404,9303,1,,35c9c808,9414,grid,4,1418,1422,121,784,445,68,,0,0,0,0,0,0,0,0,0,0,0,0,0,0,1,,
2026-08-25T16:02:23.422Z,1787673743422,9363,1,,35c9c808,9474,grid,4,1418,1422,121,783,446,68,,0,0,0,0,0,0,0,0,0,0,0,0,0,0,1,,
2026-08-25T16:03:23.440Z,1787673803440,9423,1,,35c9c808,9534,grid,4,1418,1422,121,783,446,68,,0,0,0,0,0,0,0,0,0,0,0,0,0,0,1,,
2026-08-25T16:04:23.459Z,1787673863459,9483,1,,35c9c808,9594,grid,4,1417,1422,121,783,445,68,,0,0,0,0,0,0,0,0,0,0,0,0,0,0,1,,
2026-08-25T16:05:23.476Z,1787673923476,9543,1,,35c9c808,9654,grid,4,1417,1422,121,783,445,68,,0,0,0,0,0,0,0,0,0,0,0,0,0,0,1,,
2026-08-25T16:06:23.495Z,1787673983495,9603,1,,35c9c808,9714,grid,4,1418,1422,121,782,446,68,,0,0,0,0,0,0,0,0,0,0,0,0,0,0,1,,
2026-08-25T16:07:23.514Z,1787674043514,9663,1,,35c9c808,9774,grid,4,1417,1422,122,783,445,68,,0,0,0,0,0,0,0,0,0,0,0,0,0,0,1,,
2026-08-25T16:08:23.533Z,1787674103533,9723,1,,35c9c808,9834,grid,4,1417,1422,121,783,445,68,,0,0,0,0,0,0,0,0,0,0,0,0,0,0,1,,
2026-08-25T16:09:23.550Z,1787674163550,9783,1,,35c9c808,9895,grid,4,1418,1422,122,783,446,68,,0,0,0,0,0,0,0,0,0,0,0,0,0,0,1,,
2026-08-25T16:10:23.569Z,1787674223569,9843,1,,35c9c808,9955,grid,4,1418,1422,122,783,445,68,,0,0,0,0,0,0,0,0,0,0,0,0,0,0,1,,
2026-08-25T16:11:23.585Z,1787674283585,9903,1,,35c9c808,10015,grid,4,1418,1422,122,783,445,68,,0,0,0,0,0,0,0,0,0,0,0,0,0,0,1,,
2026-08-25T16:12:23.605Z,1787674343605,9963,1,,35c9c808,10075,grid,4,1417,1422,121,784,445,68,,0,0,0,0,0,0,0,0,0,0,0,0,0,0,1,,
2026-08-25T16:13:23.623Z,1787674403623,10023,1,,35c9c808,10135,grid,4,1417,1422,121,783,445,68,,0,0,0,0,0,0,0,0,0,0,0,0,0,0,1,,
2026-08-25T16:14:23.641Z,1787674463641,10083,1,,35c9c808,10195,grid,4,1418,1422,121,784,445,68,,0,0,0,0,0,0,0,0,0,0,0,0,0,0,1,,
2026-08-25T16:15:23.659Z,1787674523659,10143,1,,35c9c808,10255,grid,4,1418,1422,121,784,445,68,,0,0,0,0,0,0,0,0,0,0,0,0,0,0,1,,
2026-08-25T16:16:23.680Z,1787674583680,10203,1,,35c9c808,10315,grid,4,1418,1422,121,784,445,68,,0,0,0,0,0,0,0,0,0,0,0,0,0,0,1,,
2026-08-25T16:17:23.695Z,1787674643695,10263,1,,35c9c808,10375,grid,4,1419,1422,121,784,447,68,,0,0,0,0,0,0,0,0,0,0,0,0,0,0,1,,
2026-08-25T16:18:23.715Z,1787674703715,10323,1,,35c9c808,10435,grid,4,1418,1422,121,784,445,68,,0,0,0,0,0,0,0,0,0,0,0,0,0,0,1,,
2026-08-25T16:19:23.733Z,1787674763733,10383,1,,35c9c808,10495,grid,4,1418,1422,121,784,445,68,,0,0,0,0,0,0,0,0,0,0,0,0,0,0,1,,
2026-08-25T16:20:23.751Z,1787674823751,10443,1,,35c9c808,10555,grid,4,1418,1422,121,784,445,68,,0,0,0,0,0,0,0,0,0,0,0,0,0,0,1,,
2026-08-25T16:21:23.769Z,1787674883769,10503,1,,35c9c808,10615,grid,4,1420,1422,121,784,447,68,,0,0,0,0,0,0,0,0,0,0,0,0,0,0,1,,
2026-08-25T16:22:23.789Z,1787674943789,10563,1,,35c9c808,10675,grid,4,1420,1422,121,784,447,68,,0,0,0,0,0,0,0,0,0,0,0,0,0,0,1,,
2026-08-25T16:23:23.806Z,1787675003806,10623,1,,35c9c808,10735,grid,4,1420,1422,121,784,447,68,,0,0,0,0,0,0,0,0,0,0,0,0,0,0,1,,
2026-08-25T16:24:23.824Z,1787675063824,10683,1,,35c9c808,10795,grid,4,1418,1422,121,784,445,68,,0,0,0,0,0,0,0,0,0,0,0,0,0,0,1,,
2026-08-25T16:25:23.843Z,1787675123843,10743,1,,35c9c808,10855,grid,4,1423,1422,121,784,449,68,,0,0,0,0,0,0,0,0,0,0,0,0,0,0,1,,
2026-08-25T16:26:23.861Z,1787675183861,10803,1,,35c9c808,10915,grid,4,1422,1422,121,784,449,68,,0,0,0,0,0,0,0,0,0,0,0,0,0,0,1,,
2026-08-25T16:27:23.879Z,1787675243879,10863,1,,35c9c808,10975,grid,4,1423,1424,121,785,449,68,,0,0,0,0,0,0,0,0,0,0,0,0,0,0,1,,
2026-08-25T16:28:23.898Z,1787675303898,10923,1,,35c9c808,11035,grid,4,1423,1424,122,785,449,68,,0,0,0,0,0,0,0,0,0,0,0,0,0,0,1,,
2026-08-25T16:29:23.915Z,1787675363915,10983,1,,35c9c808,11095,grid,4,1423,1424,122,785,449,68,,0,0,0,0,0,0,0,0,0,0,0,0,0,0,1,,
2026-08-25T16:30:23.935Z,1787675423935,11043,1,,35c9c808,11155,grid,4,1424,1424,122,784,451,68,,0,0,0,0,0,0,0,0,0,0,0,0,0,0,1,,
2026-08-25T16:31:23.953Z,1787675483953,11103,1,,35c9c808,11215,grid,4,1427,1424,121,784,455,68,,0,0,0,0,0,0,0,0,0,0,0,0,0,0,1,,
2026-08-25T16:32:23.971Z,1787675543971,11163,1,,35c9c808,11275,grid,4,1422,1426,121,784,449,68,,0,0,0,0,0,0,0,0,0,0,0,0,0,0,1,,
2026-08-25T16:33:23.988Z,1787675603988,11223,1,,35c9c808,11335,grid,4,1423,1426,121,785,449,68,,0,0,0,0,0,0,0,0,0,0,0,0,0,0,1,,
2026-08-25T16:34:24.008Z,1787675664008,11283,1,,35c9c808,11395,grid,4,1424,1426,121,784,451,68,,0,0,0,0,0,0,0,0,0,0,0,0,0,0,1,,
2026-08-25T16:35:24.025Z,1787675724025,11343,1,,35c9c808,11455,grid,4,1424,1426,121,784,451,68,,0,0,0,0,0,0,0,0,0,0,0,0,0,0,1,,
2026-08-25T16:36:24.045Z,1787675784045,11403,1,,35c9c808,11515,grid,4,1423,1426,121,785,449,68,,0,0,0,0,0,0,0,0,0,0,0,0,0,0,1,,
2026-08-25T16:37:24.061Z,1787675844061,11463,1,,35c9c808,11575,grid,4,1425,1426,121,785,451,68,,0,0,0,0,0,0,0,0,0,0,0,0,0,0,1,,
2026-08-25T16:38:24.081Z,1787675904081,11523,1,,35c9c808,11635,grid,4,1423,1426,121,785,449,68,,0,0,0,0,0,0,0,0,0,0,0,0,0,0,1,,
2026-08-25T16:39:24.100Z,1787675964100,11583,1,,35c9c808,11695,grid,4,1424,1426,121,786,449,68,,0,0,0,0,0,0,0,0,0,0,0,0,0,0,1,,
2026-08-25T16:40:24.118Z,1787676024118,11644,1,,35c9c808,11755,grid,4,1423,1426,121,785,449,68,,0,0,0,0,0,0,0,0,0,0,0,0,0,0,1,,
2026-08-25T16:41:24.136Z,1787676084136,11704,1,,35c9c808,11815,grid,4,1423,1426,121,785,449,68,,0,0,0,0,0,0,0,0,0,0,0,0,0,0,1,,
2026-08-25T16:42:24.153Z,1787676144153,11764,1,,35c9c808,11875,grid,4,1424,1426,121,786,449,68,,0,0,0,0,0,0,0,0,0,0,0,0,0,0,1,,
2026-08-25T16:43:24.173Z,1787676204173,11824,1,,35c9c808,11935,grid,4,1425,1426,121,785,451,68,,0,0,0,0,0,0,0,0,0,0,0,0,0,0,1,,
2026-08-25T16:44:24.190Z,1787676264190,11884,1,,35c9c808,11995,grid,4,1423,1426,121,785,449,68,,0,0,0,0,0,0,0,0,0,0,0,0,0,0,1,,
2026-08-25T16:45:24.209Z,1787676324209,11944,1,,35c9c808,12055,grid,4,1422,1426,122,786,447,68,,0,0,0,0,0,0,0,0,0,0,0,0,0,0,1,,
2026-08-25T16:46:24.229Z,1787676384229,12004,1,,35c9c808,12115,grid,4,1458,1426,122,785,483,68,,0,0,0,0,0,0,0,0,0,0,0,0,0,0,1,,
2026-08-25T16:47:24.246Z,1787676444246,12064,1,,35c9c808,12175,grid,4,1424,1426,122,782,452,68,,0,0,0,0,0,0,0,0,0,0,0,0,0,0,1,,
2026-08-25T16:48:24.262Z,1787676504262,12124,1,,35c9c808,12235,grid,4,1423,1426,122,782,452,68,,0,0,0,0,0,0,0,0,0,0,0,0,0,0,1,,
2026-08-25T16:49:24.282Z,1787676564282,12184,1,,35c9c808,12295,grid,4,1423,1426,122,781,452,68,,0,0,0,0,0,0,0,0,0,0,0,0,0,0,1,,
2026-08-25T16:50:24.300Z,1787676624300,12244,1,,35c9c808,12355,grid,4,1421,1426,122,781,450,68,,0,0,0,0,0,0,0,0,0,0,0,0,0,0,1,,
2026-08-25T16:51:24.319Z,1787676684319,12304,1,,35c9c808,12415,grid,4,1422,1426,122,782,450,68,,0,0,0,0,0,0,0,0,0,0,0,0,0,0,1,,
2026-08-25T16:52:24.335Z,1787676744335,12364,1,,35c9c808,12475,grid,4,1420,1426,122,782,448,68,,0,0,0,0,0,0,0,0,0,0,0,0,0,0,1,,
2026-08-25T16:53:24.353Z,1787676804353,12424,1,,35c9c808,12535,grid,4,1410,1426,122,772,448,68,,0,0,0,0,0,0,0,0,0,0,0,0,0,0,1,,
2026-08-25T16:54:24.373Z,1787676864373,12484,1,,35c9c808,12595,grid,4,1410,1426,122,772,448,68,,0,0,0,0,0,0,0,0,0,0,0,0,0,0,1,,
2026-08-25T16:55:24.391Z,1787676924391,12544,1,,35c9c808,12655,grid,4,1420,1457,122,771,459,68,,0,0,0,0,0,0,0,0,0,0,0,0,0,0,1,,
2026-08-25T16:56:24.410Z,1787676984410,12604,1,,35c9c808,12715,grid,4,1417,1457,122,772,456,68,,0,0,0,0,0,0,0,0,0,0,0,0,0,0,1,,
2026-08-25T16:57:24.429Z,1787677044429,12664,1,,35c9c808,12775,grid,4,1418,1457,122,773,455,68,,0,0,0,0,0,0,0,0,0,0,0,0,0,0,1,,
2026-08-25T16:58:24.447Z,1787677104447,12724,1,,35c9c808,12835,grid,4,1419,1457,122,772,457,68,,0,0,0,0,0,0,0,0,0,0,0,0,0,0,1,,
2026-08-25T16:59:24.464Z,1787677164464,12784,1,,35c9c808,12895,grid,4,1419,1457,122,772,457,68,,0,0,0,0,0,0,0,0,0,0,0,0,0,0,1,,
2026-08-25T17:00:24.482Z,1787677224482,12844,1,,35c9c808,12955,grid,4,1411,1457,122,773,449,68,,0,0,0,0,0,0,0,0,0,0,0,0,0,0,1,,
2026-08-25T17:01:24.499Z,1787677284499,12904,1,,35c9c808,13015,grid,4,1410,1457,122,772,449,68,,0,0,0,0,0,0,0,0,0,0,0,0,0,0,1,,
2026-08-25T17:02:24.516Z,1787677344516,12964,1,,35c9c808,13075,grid,4,1411,1457,122,772,449,68,,0,0,0,0,0,0,0,0,0,0,0,0,0,0,1,,
2026-08-25T17:03:24.536Z,1787677404536,13024,1,,35c9c808,13136,grid,4,1411,1457,122,773,449,68,,0,0,0,0,0,0,0,0,0,0,0,0,0,0,1,,
2026-08-25T17:04:24.553Z,1787677464553,13084,1,,35c9c808,13196,grid,4,1411,1457,122,772,449,68,,0,0,0,0,0,0,0,0,0,0,0,0,0,0,1,,
2026-08-25T17:05:24.570Z,1787677524570,13144,1,,35c9c808,13256,grid,4,1411,1457,122,772,449,68,,0,0,0,0,0,0,0,0,0,0,0,0,0,0,1,,
2026-08-25T17:06:24.591Z,1787677584591,13204,1,,35c9c808,13316,grid,4,1412,1457,122,773,449,68,,0,0,0,0,0,0,0,0,0,0,0,0,0,0,1,,
2026-08-25T17:07:24.608Z,1787677644608,13264,1,,35c9c808,13376,grid,4,1412,1457,122,773,449,68,,0,0,0,0,0,0,0,0,0,0,0,0,0,0,1,,
2026-08-25T17:08:24.627Z,1787677704627,13324,1,,35c9c808,13436,grid,4,1411,1457,122,772,449,68,,0,0,0,0,0,0,0,0,0,0,0,0,0,0,1,,
2026-08-25T17:09:24.646Z,1787677764646,13384,1,,35c9c808,13496,grid,4,1410,1457,122,771,449,68,,0,0,0,0,0,0,0,0,0,0,0,0,0,0,1,,
2026-08-25T17:10:24.662Z,1787677824662,13444,1,,35c9c808,13556,grid,4,1410,1457,122,771,449,68,,0,0,0,0,0,0,0,0,0,0,0,0,0,0,1,,
2026-08-25T17:11:24.680Z,1787677884680,13504,1,,35c9c808,13616,grid,4,1410,1457,122,771,449,68,,0,0,0,0,0,0,0,0,0,0,0,0,0,0,1,,
2026-08-25T17:12:24.699Z,1787677944699,13564,1,,35c9c808,13676,grid,4,1410,1457,122,771,449,68,,0,0,0,0,0,0,0,0,0,0,0,0,0,0,1,,
2026-08-25T17:13:24.716Z,1787678004716,13624,1,,35c9c808,13736,grid,4,1411,1457,122,772,449,68,,0,0,0,0,0,0,0,0,0,0,0,0,0,0,1,,
2026-08-25T17:14:24.735Z,1787678064735,13684,1,,35c9c808,13796,grid,4,1410,1457,122,771,449,68,,0,0,0,0,0,0,0,0,0,0,0,0,0,0,1,,
2026-08-25T17:15:24.753Z,1787678124753,13744,1,,35c9c808,13856,grid,4,1410,1457,122,771,449,68,,0,0,0,0,0,0,0,0,0,0,0,0,0,0,1,,
2026-08-25T17:16:24.771Z,1787678184771,13804,1,,35c9c808,13916,grid,4,1410,1457,122,771,449,68,,0,0,0,0,0,0,0,0,0,0,0,0,0,0,1,,
2026-08-25T17:17:24.791Z,1787678244791,13864,1,,35c9c808,13976,grid,4,1409,1457,122,771,449,68,,0,0,0,0,0,0,0,0,0,0,0,0,0,0,1,,
2026-08-25T17:18:24.807Z,1787678304807,13924,1,,35c9c808,14036,grid,4,1409,1457,122,771,449,68,,0,0,0,0,0,0,0,0,0,0,0,0,0,0,1,,
2026-08-25T17:19:24.826Z,1787678364826,13984,1,,35c9c808,14096,grid,4,1410,1457,122,771,449,68,,0,0,0,0,0,0,0,0,0,0,0,0,0,0,1,,
2026-08-25T17:20:24.844Z,1787678424844,14044,1,,35c9c808,14156,grid,4,1410,1457,122,771,449,68,,0,0,0,0,0,0,0,0,0,0,0,0,0,0,1,,
2026-08-25T17:21:24.862Z,1787678484862,14104,1,,35c9c808,14216,grid,4,1410,1457,122,771,449,68,,0,0,0,0,0,0,0,0,0,0,0,0,0,0,1,,
2026-08-25T17:22:24.881Z,1787678544881,14164,1,,35c9c808,14276,grid,4,1412,1457,122,771,451,68,,0,0,0,0,0,0,0,0,0,0,0,0,0,0,1,,
2026-08-25T17:23:24.898Z,1787678604898,14224,1,,35c9c808,14336,grid,4,1412,1457,122,771,451,68,,0,0,0,0,0,0,0,0,0,0,0,0,0,0,1,,
2026-08-25T17:24:24.916Z,1787678664916,14284,1,,35c9c808,14396,grid,4,1413,1457,122,771,451,68,,0,0,0,0,0,0,0,0,0,0,0,0,0,0,1,,
2026-08-25T17:25:24.934Z,1787678724934,14344,1,,35c9c808,14456,grid,4,1416,1459,122,770,457,68,,0,0,0,0,0,0,0,0,0,0,0,0,0,0,1,,
2026-08-25T17:26:24.952Z,1787678784952,14404,1,,35c9c808,14516,grid,4,1418,1459,122,771,456,68,,0,0,0,0,0,0,0,0,0,0,0,0,0,0,1,,
2026-08-25T17:27:24.970Z,1787678844970,14464,1,,35c9c808,14576,grid,4,1420,1459,122,772,458,68,,0,0,0,0,0,0,0,0,0,0,0,0,0,0,1,,
2026-08-25T17:28:24.989Z,1787678904989,14524,1,,35c9c808,14636,grid,4,1420,1459,122,772,458,68,,0,0,0,0,0,0,0,0,0,0,0,0,0,0,1,,
2026-08-25T17:29:25.008Z,1787678965008,14584,1,,35c9c808,14696,grid,4,1420,1459,122,772,458,68,,0,0,0,0,0,0,0,0,0,0,0,0,0,0,1,,
2026-08-25T17:30:25.025Z,1787679025025,14644,1,,35c9c808,14756,grid,4,1418,1459,122,771,456,68,,0,0,0,0,0,0,0,0,0,0,0,0,0,0,1,,
2026-08-25T17:31:25.042Z,1787679085042,14704,1,,35c9c808,14816,grid,4,1415,1459,122,772,453,68,,0,0,0,0,0,0,0,0,0,0,0,0,0,0,1,,
2026-08-25T17:32:25.061Z,1787679145061,14764,1,,35c9c808,14876,grid,4,1416,1459,122,772,454,68,,0,0,0,0,0,0,0,0,0,0,0,0,0,0,1,,
2026-08-25T17:33:25.078Z,1787679205078,14824,1,,35c9c808,14936,grid,4,1414,1459,122,772,452,68,,0,0,0,0,0,0,0,0,0,0,0,0,0,0,1,,
2026-08-25T17:34:25.098Z,1787679265098,14884,1,,35c9c808,14996,grid,4,1415,1459,122,772,452,68,,0,0,0,0,0,0,0,0,0,0,0,0,0,0,1,,
2026-08-25T17:35:25.115Z,1787679325115,14945,1,,35c9c808,15056,grid,4,1414,1459,123,771,452,68,,0,0,0,0,0,0,0,0,0,0,0,0,0,0,1,,
2026-08-25T17:36:25.133Z,1787679385133,15005,1,,35c9c808,15116,grid,4,1415,1459,122,772,454,68,,0,0,0,0,0,0,0,0,0,0,0,0,0,0,1,,
2026-08-25T17:37:25.152Z,1787679445152,15065,1,,35c9c808,15176,grid,4,1414,1459,122,772,452,68,,0,0,0,0,0,0,0,0,0,0,0,0,0,0,1,,
2026-08-25T17:38:25.171Z,1787679505171,15125,1,,35c9c808,15236,grid,4,1414,1459,122,772,452,68,,0,0,0,0,0,0,0,0,0,0,0,0,0,0,1,,
2026-08-25T17:39:25.187Z,1787679565187,15185,1,,35c9c808,15296,grid,4,1415,1459,122,772,454,68,,0,0,0,0,0,0,0,0,0,0,0,0,0,0,1,,
2026-08-25T17:40:25.207Z,1787679625207,15245,1,,35c9c808,15356,grid,4,1414,1459,122,772,452,68,,0,0,0,0,0,0,0,0,0,0,0,0,0,0,1,,
2026-08-25T17:41:25.225Z,1787679685225,15305,1,,35c9c808,15416,grid,4,1415,1459,122,772,452,68,,0,0,0,0,0,0,0,0,0,0,0,0,0,0,1,,
2026-08-25T17:42:25.242Z,1787679745242,15365,1,,35c9c808,15476,grid,4,1415,1459,122,771,454,68,,0,0,0,0,0,0,0,0,0,0,0,0,0,0,1,,
2026-08-25T17:43:25.261Z,1787679805261,15425,1,,35c9c808,15536,grid,4,1416,1459,122,772,454,68,,0,0,0,0,0,0,0,0,0,0,0,0,0,0,1,,
2026-08-25T17:44:25.278Z,1787679865278,15485,1,,35c9c808,15596,grid,4,1415,1459,122,772,452,68,,0,0,0,0,0,0,0,0,0,0,0,0,0,0,1,,
2026-08-25T17:45:25.298Z,1787679925298,15545,1,,35c9c808,15656,grid,4,1416,1459,122,772,454,68,,0,0,0,0,0,0,0,0,0,0,0,0,0,0,1,,
2026-08-25T17:46:25.314Z,1787679985314,15605,1,,35c9c808,15716,grid,4,1416,1459,122,772,454,68,,0,0,0,0,0,0,0,0,0,0,0,0,0,0,1,,
2026-08-25T17:47:25.332Z,1787680045332,15665,1,,35c9c808,15776,grid,4,1416,1459,122,772,454,68,,0,0,0,0,0,0,0,0,0,0,0,0,0,0,1,,
2026-08-25T17:48:25.352Z,1787680105352,15725,1,,35c9c808,15836,grid,4,1416,1459,122,772,454,68,,0,0,0,0,0,0,0,0,0,0,0,0,0,0,1,,
2026-08-25T17:49:25.369Z,1787680165369,15785,1,,35c9c808,15896,grid,4,1416,1459,122,772,454,68,,0,0,0,0,0,0,0,0,0,0,0,0,0,0,1,,
2026-08-25T17:50:25.388Z,1787680225388,15845,1,,35c9c808,15956,grid,4,1414,1459,122,772,452,68,,0,0,0,0,0,0,0,0,0,0,0,0,0,0,1,,
2026-08-25T17:51:25.407Z,1787680285407,15905,1,,35c9c808,16016,grid,4,1414,1459,122,772,452,68,,0,0,0,0,0,0,0,0,0,0,0,0,0,0,1,,
2026-08-25T17:52:25.423Z,1787680345423,15965,1,,35c9c808,16076,grid,4,1412,1459,123,772,450,68,,0,0,0,0,0,0,0,0,0,0,0,0,0,0,1,,
2026-08-25T17:53:25.441Z,1787680405441,16025,1,,35c9c808,16136,grid,4,1412,1459,123,772,450,68,,0,0,0,0,0,0,0,0,0,0,0,0,0,0,1,,
2026-08-25T17:54:25.459Z,1787680465459,16085,1,,35c9c808,16196,grid,4,1412,1459,123,772,450,68,,0,0,0,0,0,0,0,0,0,0,0,0,0,0,1,,
2026-08-25T17:55:25.475Z,1787680525475,16145,1,,35c9c808,16256,grid,4,1421,1459,122,773,458,68,,0,0,0,0,0,0,0,0,0,0,0,0,0,0,1,,
2026-08-25T17:56:25.495Z,1787680585495,16205,1,,35c9c808,16316,grid,4,1418,1459,122,771,457,68,,0,0,0,0,0,0,0,0,0,0,0,0,0,0,1,,
2026-08-25T17:57:25.512Z,1787680645512,16265,1,,35c9c808,16376,grid,4,1419,1459,122,772,457,68,,0,0,0,0,0,0,0,0,0,0,0,0,0,0,1,,
2026-08-25T17:58:25.531Z,1787680705531,16325,1,,35c9c808,16436,grid,4,1420,1459,122,772,458,68,,0,0,0,0,0,0,0,0,0,0,0,0,0,0,1,,
2026-08-25T17:59:25.549Z,1787680765549,16385,1,,35c9c808,16497,grid,4,1420,1459,122,772,458,68,,0,0,0,0,0,0,0,0,0,0,0,0,0,0,1,,
2026-08-25T18:00:25.568Z,1787680825568,16445,1,,35c9c808,16557,grid,4,1420,1459,122,772,458,68,,0,0,0,0,0,0,0,0,0,0,0,0,0,0,1,,
2026-08-25T18:01:25.583Z,1787680885583,16505,1,,35c9c808,16617,grid,4,1420,1459,122,772,458,68,,0,0,0,0,0,0,0,0,0,0,0,0,0,0,1,,
2026-08-25T18:02:25.604Z,1787680945604,16565,1,,35c9c808,16677,grid,4,1420,1459,122,772,458,68,,0,0,0,0,0,0,0,0,0,0,0,0,0,0,1,,
2026-08-25T18:03:25.620Z,1787681005620,16625,1,,35c9c808,16737,grid,4,1420,1459,122,773,457,68,,0,0,0,0,0,0,0,0,0,0,0,0,0,0,1,,
2026-08-25T18:04:25.639Z,1787681065639,16685,1,,35c9c808,16797,grid,4,1425,1459,122,772,462,68,,0,0,0,0,0,0,0,0,0,0,0,0,0,0,1,,
2026-08-25T18:05:25.656Z,1787681125656,16745,1,,35c9c808,16857,grid,4,1419,1459,122,773,457,68,,0,0,0,0,0,0,0,0,0,0,0,0,0,0,1,,
2026-08-25T18:06:25.675Z,1787681185675,16805,1,,35c9c808,16917,grid,4,1420,1459,122,773,457,68,,0,0,0,0,0,0,0,0,0,0,0,0,0,0,1,,
2026-08-25T18:07:25.692Z,1787681245692,16865,1,,35c9c808,16977,grid,4,1422,1459,122,774,458,68,,0,0,0,0,0,0,0,0,0,0,0,0,0,0,1,,
2026-08-25T18:08:25.710Z,1787681305710,16925,1,,35c9c808,17037,grid,4,1422,1459,123,773,458,68,,0,0,0,0,0,0,0,0,0,0,0,0,0,0,1,,
2026-08-25T18:09:25.729Z,1787681365729,16985,1,,35c9c808,17097,grid,4,1423,1459,123,774,458,68,,0,0,0,0,0,0,0,0,0,0,0,0,0,0,1,,
2026-08-25T18:10:25.746Z,1787681425746,17045,1,,35c9c808,17157,grid,4,1421,1459,123,774,457,68,,0,0,0,0,0,0,0,0,0,0,0,0,0,0,1,,
2026-08-25T18:11:25.766Z,1787681485766,17105,1,,35c9c808,17217,grid,4,1422,1459,123,773,458,68,,0,0,0,0,0,0,0,0,0,0,0,0,0,0,1,,
2026-08-25T18:12:25.784Z,1787681545784,17165,1,,35c9c808,17277,grid,4,1422,1459,123,774,458,68,,0,0,0,0,0,0,0,0,0,0,0,0,0,0,1,,
2026-08-25T18:13:25.800Z,1787681605800,17225,1,,35c9c808,17337,grid,4,1420,1459,123,773,457,68,,0,0,0,0,0,0,0,0,0,0,0,0,0,0,1,,
2026-08-25T18:14:25.819Z,1787681665819,17285,1,,35c9c808,17397,grid,4,1419,1459,122,772,457,68,,0,0,0,0,0,0,0,0,0,0,0,0,0,0,1,,
2026-08-25T18:15:25.836Z,1787681725836,17345,1,,35c9c808,17457,grid,4,1419,1459,122,773,457,68,,0,0,0,0,0,0,0,0,0,0,0,0,0,0,1,,
2026-08-25T18:16:25.854Z,1787681785854,17405,1,,35c9c808,17517,grid,4,1422,1459,122,773,458,68,,0,0,0,0,0,0,0,0,0,0,0,0,0,0,1,,
2026-08-25T18:17:25.873Z,1787681845873,17465,1,,35c9c808,17577,grid,4,1420,1459,122,773,457,68,,0,0,0,0,0,0,0,0,0,0,0,0,0,0,1,,
2026-08-25T18:18:25.892Z,1787681905892,17525,1,,35c9c808,17637,grid,4,1409,1459,122,771,448,68,,0,0,0,0,0,0,0,0,0,0,0,0,0,0,1,,
2026-08-25T18:19:25.908Z,1787681965908,17585,1,,35c9c808,17697,grid,4,1411,1459,122,771,450,68,,0,0,0,0,0,0,0,0,0,0,0,0,0,0,1,,
2026-08-25T18:20:25.928Z,1787682025928,17645,1,,35c9c808,17757,grid,4,1415,1459,122,771,454,68,,0,0,0,0,0,0,0,0,0,0,0,0,0,0,1,,
2026-08-25T18:21:25.944Z,1787682085944,17705,1,,35c9c808,17817,grid,4,1411,1459,122,772,450,68,,0,0,0,0,0,0,0,0,0,0,0,0,0,0,1,,
2026-08-25T18:22:25.962Z,1787682145962,17765,1,,35c9c808,17877,grid,4,1408,1459,122,772,446,68,,0,0,0,0,0,0,0,0,0,0,0,0,0,0,1,,
2026-08-25T18:23:25.981Z,1787682205981,17825,1,,35c9c808,17937,grid,4,1408,1459,123,772,446,68,,0,0,0,0,0,0,0,0,0,0,0,0,0,0,1,,
2026-08-25T18:24:26.000Z,1787682266000,17885,1,,35c9c808,17997,grid,4,1408,1459,123,772,446,68,,0,0,0,0,0,0,0,0,0,0,0,0,0,0,1,,
2026-08-25T18:25:26.016Z,1787682326016,17945,1,,35c9c808,18057,grid,4,1411,1459,123,772,449,68,,0,0,0,0,0,0,0,0,0,0,0,0,0,0,1,,
2026-08-25T18:26:26.034Z,1787682386034,18005,1,,35c9c808,18117,grid,4,1413,1459,123,772,450,68,,0,0,0,0,0,0,0,0,0,0,0,0,0,0,1,,
2026-08-25T18:27:26.053Z,1787682446053,18065,1,,35c9c808,18177,grid,4,1417,1459,123,773,454,68,,0,0,0,0,0,0,0,0,0,0,0,0,0,0,1,,
2026-08-25T18:28:26.071Z,1787682506071,18125,1,,35c9c808,18237,grid,4,1413,1459,123,773,450,68,,0,0,0,0,0,0,0,0,0,0,0,0,0,0,1,,
2026-08-25T18:29:26.089Z,1787682566089,18185,1,,35c9c808,18297,grid,4,1413,1459,123,773,450,68,,0,0,0,0,0,0,0,0,0,0,0,0,0,0,1,,
2026-08-25T18:30:26.106Z,1787682626106,18246,1,,35c9c808,18357,grid,4,1412,1459,122,772,450,68,,0,0,0,0,0,0,0,0,0,0,0,0,0,0,1,,
2026-08-25T18:31:26.126Z,1787682686126,18306,1,,35c9c808,18417,grid,4,1412,1459,122,772,450,68,,0,0,0,0,0,0,0,0,0,0,0,0,0,0,1,,
2026-08-25T18:32:26.141Z,1787682746141,18366,1,,35c9c808,18477,grid,4,1411,1459,122,773,448,68,,0,0,0,0,0,0,0,0,0,0,0,0,0,0,1,,
2026-08-25T18:33:26.161Z,1787682806161,18426,1,,35c9c808,18537,grid,4,1413,1459,122,773,450,68,,0,0,0,0,0,0,0,0,0,0,0,0,0,0,1,,
2026-08-25T18:34:26.179Z,1787682866179,18486,1,,35c9c808,18597,grid,4,1412,1459,122,772,450,68,,0,0,0,0,0,0,0,0,0,0,0,0,0,0,1,,
2026-08-25T18:35:26.196Z,1787682926196,18546,1,,35c9c808,18657,grid,4,1413,1459,122,773,450,68,,0,0,0,0,0,0,0,0,0,0,0,0,0,0,1,,
2026-08-25T18:36:26.216Z,1787682986216,18606,1,,35c9c808,18717,grid,4,1413,1459,123,773,448,68,,0,0,0,0,0,0,0,0,0,0,0,0,0,0,1,,
2026-08-25T18:37:26.233Z,1787683046233,18666,1,,35c9c808,18777,grid,4,1413,1459,123,772,450,68,,0,0,0,0,0,0,0,0,0,0,0,0,0,0,1,,
2026-08-25T18:38:26.251Z,1787683106251,18726,1,,35c9c808,18837,grid,4,1412,1459,123,773,448,68,,0,0,0,0,0,0,0,0,0,0,0,0,0,0,1,,
2026-08-25T18:39:26.270Z,1787683166270,18786,1,,35c9c808,18897,grid,4,1414,1459,123,773,448,69,,0,0,0,0,0,0,0,0,0,0,0,0,0,0,1,,
2026-08-25T18:40:26.287Z,1787683226287,18846,1,,35c9c808,18957,grid,4,1415,1459,123,773,450,69,,0,0,0,0,0,0,0,0,0,0,0,0,0,0,1,,
2026-08-25T18:41:26.305Z,1787683286305,18906,1,,35c9c808,19017,grid,4,1413,1459,123,773,448,69,,0,0,0,0,0,0,0,0,0,0,0,0,0,0,1,,
2026-08-25T18:42:26.323Z,1787683346323,18966,1,,35c9c808,19077,grid,4,1414,1459,123,773,448,69,,0,0,0,0,0,0,0,0,0,0,0,0,0,0,1,,
2026-08-25T18:43:26.341Z,1787683406341,19026,1,,35c9c808,19137,grid,4,1415,1459,124,773,450,69,,0,0,0,0,0,0,0,0,0,0,0,0,0,0,1,,
2026-08-25T18:44:26.359Z,1787683466359,19086,1,,35c9c808,19197,grid,4,1413,1459,124,772,448,69,,0,0,0,0,0,0,0,0,0,0,0,0,0,0,1,,
2026-08-25T18:45:26.376Z,1787683526376,19146,1,,35c9c808,19257,grid,4,1413,1459,124,773,448,69,,0,0,0,0,0,0,0,0,0,0,0,0,0,0,1,,
2026-08-25T18:46:26.395Z,1787683586395,19206,1,,35c9c808,19317,grid,4,1415,1459,124,773,450,69,,0,0,0,0,0,0,0,0,0,0,0,0,0,0,1,,
2026-08-25T18:47:26.414Z,1787683646414,19266,1,,35c9c808,19377,grid,4,1413,1459,124,773,448,69,,0,0,0,0,0,0,0,0,0,0,0,0,0,0,1,,
2026-08-25T18:48:26.430Z,1787683706430,19326,1,,35c9c808,19437,grid,4,1413,1459,124,773,448,69,,0,0,0,0,0,0,0,0,0,0,0,0,0,0,1,,
2026-08-25T18:49:26.450Z,1787683766450,19386,1,,35c9c808,19497,grid,4,1415,1459,123,773,450,69,,0,0,0,0,0,0,0,0,0,0,0,0,0,0,1,,
2026-08-25T18:50:26.467Z,1787683826467,19446,1,,35c9c808,19557,grid,4,1413,1459,123,773,448,69,,0,0,0,0,0,0,0,0,0,0,0,0,0,0,1,,
2026-08-25T18:51:26.484Z,1787683886484,19506,1,,35c9c808,19617,grid,4,1413,1459,123,773,448,69,,0,0,0,0,0,0,0,0,0,0,0,0,0,0,1,,
2026-08-25T18:52:26.501Z,1787683946501,19566,1,,35c9c808,19677,grid,4,1414,1459,123,773,450,69,,0,0,0,0,0,0,0,0,0,0,0,0,0,0,1,,
2026-08-25T18:53:26.521Z,1787684006521,19626,1,,35c9c808,19737,grid,4,1414,1459,123,773,450,69,,0,0,0,0,0,0,0,0,0,0,0,0,0,0,1,,
2026-08-25T18:54:26.539Z,1787684066539,19686,1,,35c9c808,19798,grid,4,1413,1459,123,773,448,69,,0,0,0,0,0,0,0,0,0,0,0,0,0,0,1,,
2026-08-25T18:55:26.557Z,1787684126557,19746,1,,35c9c808,19858,grid,4,1412,1476,123,772,448,69,,0,0,0,0,0,0,0,0,0,0,0,0,0,0,1,,
2026-08-25T18:56:26.575Z,1787684186575,19806,1,,35c9c808,19918,grid,4,1413,1476,123,772,448,69,,0,0,0,0,0,0,0,0,0,0,0,0,0,0,1,,
2026-08-25T18:57:26.592Z,1787684246592,19866,1,,35c9c808,19978,grid,4,1413,1476,123,773,448,69,,0,0,0,0,0,0,0,0,0,0,0,0,0,0,1,,
2026-08-25T18:58:26.611Z,1787684306611,19926,1,,35c9c808,20038,grid,4,1414,1476,123,773,450,69,,0,0,0,0,0,0,0,0,0,0,0,0,0,0,1,,
2026-08-25T18:59:26.629Z,1787684366629,19986,1,,35c9c808,20098,grid,4,1413,1476,123,772,448,69,,0,0,0,0,0,0,0,0,0,0,0,0,0,0,1,,
2026-08-25T19:00:26.646Z,1787684426646,20046,1,,35c9c808,20158,grid,4,1413,1476,123,773,448,69,,0,0,0,0,0,0,0,0,0,0,0,0,0,0,1,,
2026-08-25T19:01:26.664Z,1787684486664,20106,1,,35c9c808,20218,grid,4,1414,1476,124,773,448,69,,0,0,0,0,0,0,0,0,0,0,0,0,0,0,1,,
2026-08-25T19:02:26.682Z,1787684546682,20166,1,,35c9c808,20278,grid,4,1413,1476,124,772,448,69,,0,0,0,0,0,0,0,0,0,0,0,0,0,0,1,,
2026-08-25T19:03:26.701Z,1787684606701,20226,1,,35c9c808,20338,grid,4,1415,1476,124,773,450,69,,0,0,0,0,0,0,0,0,0,0,0,0,0,0,1,,
2026-08-25T19:04:26.717Z,1787684666717,20286,1,,35c9c808,20398,grid,4,1415,1476,124,773,450,69,,0,0,0,0,0,0,0,0,0,0,0,0,0,0,1,,
2026-08-25T19:05:26.736Z,1787684726736,20346,1,,35c9c808,20458,grid,4,1413,1476,124,773,448,69,,0,0,0,0,0,0,0,0,0,0,0,0,0,0,1,,
2026-08-25T19:06:26.756Z,1787684786756,20406,1,,35c9c808,20518,grid,4,1413,1476,124,773,448,69,,0,0,0,0,0,0,0,0,0,0,0,0,0,0,1,,
2026-08-25T19:07:26.772Z,1787684846772,20466,1,,35c9c808,20578,grid,4,1416,1476,124,773,450,69,,0,0,0,0,0,0,0,0,0,0,0,0,0,0,1,,
2026-08-25T19:08:26.789Z,1787684906789,20526,1,,35c9c808,20638,grid,4,1414,1476,124,773,448,69,,0,0,0,0,0,0,0,0,0,0,0,0,0,0,1,,
2026-08-25T19:09:26.808Z,1787684966808,20586,1,,35c9c808,20698,grid,4,1414,1476,124,773,448,69,,0,0,0,0,0,0,0,0,0,0,0,0,0,0,1,,
2026-08-25T19:10:26.826Z,1787685026826,20646,1,,35c9c808,20758,grid,4,1414,1476,124,773,448,69,,0,0,0,0,0,0,0,0,0,0,0,0,0,0,1,,
2026-08-25T19:11:26.843Z,1787685086843,20706,1,,35c9c808,20818,grid,4,1416,1476,124,773,450,69,,0,0,0,0,0,0,0,0,0,0,0,0,0,0,1,,
2026-08-25T19:12:26.862Z,1787685146862,20766,1,,35c9c808,20878,grid,4,1415,1476,124,773,450,69,,0,0,0,0,0,0,0,0,0,0,0,0,0,0,1,,
2026-08-25T19:13:26.879Z,1787685206879,20826,1,,35c9c808,20938,grid,4,1414,1476,124,773,448,69,,0,0,0,0,0,0,0,0,0,0,0,0,0,0,1,,
2026-08-25T19:14:26.898Z,1787685266898,20886,1,,35c9c808,20998,grid,4,1415,1476,124,774,448,69,,0,0,0,0,0,0,0,0,0,0,0,0,0,0,1,,
2026-08-25T19:15:26.915Z,1787685326915,20946,1,,35c9c808,21058,grid,4,1414,1476,124,773,448,69,,0,0,0,0,0,0,0,0,0,0,0,0,0,0,1,,
2026-08-25T19:16:26.933Z,1787685386933,21006,1,,35c9c808,21118,grid,4,1414,1476,124,773,448,69,,0,0,0,0,0,0,0,0,0,0,0,0,0,0,1,,
2026-08-25T19:17:26.951Z,1787685446951,21066,1,,35c9c808,21178,grid,4,1415,1476,124,774,448,69,,0,0,0,0,0,0,0,0,0,0,0,0,0,0,1,,
2026-08-25T19:18:26.971Z,1787685506971,21126,1,,35c9c808,21238,grid,4,1414,1476,124,773,448,69,,0,0,0,0,0,0,0,0,0,0,0,0,0,0,1,,
2026-08-25T19:19:26.988Z,1787685566988,21186,1,,35c9c808,21298,grid,4,1415,1476,124,773,450,69,,0,0,0,0,0,0,0,0,0,0,0,0,0,0,1,,
2026-08-25T19:20:27.005Z,1787685627005,21246,1,,35c9c808,21358,grid,4,1414,1476,124,773,448,69,,0,0,0,0,0,0,0,0,0,0,0,0,0,0,1,,
2026-08-25T19:21:27.023Z,1787685687023,21306,1,,35c9c808,21418,grid,4,1414,1476,124,772,448,69,,0,0,0,0,0,0,0,0,0,0,0,0,0,0,1,,
2026-08-25T19:22:27.040Z,1787685747040,21366,1,,35c9c808,21478,grid,4,1416,1476,124,773,450,69,,0,0,0,0,0,0,0,0,0,0,0,0,0,0,1,,
2026-08-25T19:23:27.058Z,1787685807058,21426,1,,35c9c808,21538,grid,4,1416,1476,124,773,450,69,,0,0,0,0,0,0,0,0,0,0,0,0,0,0,1,,
2026-08-25T19:24:27.078Z,1787685867078,21486,1,,35c9c808,21598,grid,4,1416,1476,125,773,450,69,,0,0,0,0,0,0,0,0,0,0,0,0,0,0,1,,
2026-08-25T19:25:27.094Z,1787685927094,21546,1,,35c9c808,21658,grid,4,1425,1476,125,778,453,69,,0,0,0,0,0,0,0,0,0,0,0,0,0,0,1,,
2026-08-25T19:26:27.113Z,1787685987113,21607,1,,35c9c808,21718,grid,4,1423,1476,125,778,452,69,,0,0,0,0,0,0,0,0,0,0,0,0,0,0,1,,
2026-08-25T19:27:27.131Z,1787686047131,21667,1,,35c9c808,21778,grid,4,1424,1476,124,778,453,69,,0,0,0,0,0,0,0,0,0,0,0,0,0,0,1,,
2026-08-25T19:28:27.149Z,1787686107149,21727,1,,35c9c808,21838,grid,4,1423,1476,124,778,453,69,,0,0,0,0,0,0,0,0,0,0,0,0,0,0,1,,
2026-08-25T19:29:27.165Z,1787686167165,21787,1,,35c9c808,21898,grid,4,1423,1476,124,779,452,69,,0,0,0,0,0,0,0,0,0,0,0,0,0,0,1,,
2026-08-25T19:30:27.185Z,1787686227185,21847,1,,35c9c808,21958,grid,4,1423,1476,124,778,452,69,,0,0,0,0,0,0,0,0,0,0,0,0,0,0,1,,
2026-08-25T19:31:27.203Z,1787686287203,21907,1,,35c9c808,22018,grid,4,1426,1476,124,778,456,69,,0,0,0,0,0,0,0,0,0,0,0,0,0,0,1,,
2026-08-25T19:32:27.221Z,1787686347221,21967,1,,35c9c808,22078,grid,4,1423,1476,124,778,452,69,,0,0,0,0,0,0,0,0,0,0,0,0,0,0,1,,
2026-08-25T19:33:27.238Z,1787686407238,22027,1,,35c9c808,22138,grid,4,1423,1476,124,779,452,69,,0,0,0,0,0,0,0,0,0,0,0,0,0,0,1,,
2026-08-25T19:34:27.256Z,1787686467256,22087,1,,35c9c808,22198,grid,4,1423,1476,124,778,452,69,,0,0,0,0,0,0,0,0,0,0,0,0,0,0,1,,
2026-08-25T19:35:27.274Z,1787686527274,22147,1,,35c9c808,22258,grid,4,1423,1476,124,779,452,69,,0,0,0,0,0,0,0,0,0,0,0,0,0,0,1,,
2026-08-25T19:36:27.292Z,1787686587292,22207,1,,35c9c808,22318,grid,4,1425,1476,124,779,453,69,,0,0,0,0,0,0,0,0,0,0,0,0,0,0,1,,
2026-08-25T19:37:27.309Z,1787686647309,22267,1,,35c9c808,22378,grid,4,1422,1476,124,778,452,69,,0,0,0,0,0,0,0,0,0,0,0,0,0,0,1,,
2026-08-25T19:38:27.328Z,1787686707328,22327,1,,35c9c808,22438,grid,4,1426,1476,124,778,456,69,,0,0,0,0,0,0,0,0,0,0,0,0,0,0,1,,
2026-08-25T19:39:27.347Z,1787686767347,22387,1,,35c9c808,22498,grid,4,1423,1476,124,779,452,69,,0,0,0,0,0,0,0,0,0,0,0,0,0,0,1,,
2026-08-25T19:40:27.364Z,1787686827364,22447,1,,35c9c808,22558,grid,4,1428,1476,124,779,457,69,,0,0,0,0,0,0,0,0,0,0,0,0,0,0,1,,
2026-08-25T19:41:27.382Z,1787686887382,22507,1,,35c9c808,22618,grid,4,1423,1476,124,779,452,69,,0,0,0,0,0,0,0,0,0,0,0,0,0,0,1,,
2026-08-25T19:42:27.398Z,1787686947398,22567,1,,35c9c808,22678,grid,4,1425,1476,124,779,453,69,,0,0,0,0,0,0,0,0,0,0,0,0,0,0,1,,
2026-08-25T19:43:27.418Z,1787687007418,22627,1,,35c9c808,22738,grid,4,1425,1476,124,779,453,69,,0,0,0,0,0,0,0,0,0,0,0,0,0,0,1,,
2026-08-25T19:44:27.434Z,1787687067434,22687,1,,35c9c808,22798,grid,4,1424,1476,124,778,453,69,,0,0,0,0,0,0,0,0,0,0,0,0,0,0,1,,
2026-08-25T19:45:27.454Z,1787687127454,22747,1,,35c9c808,22858,grid,4,1423,1476,124,779,452,69,,0,0,0,0,0,0,0,0,0,0,0,0,0,0,1,,
2026-08-25T19:46:27.471Z,1787687187471,22807,1,,35c9c808,22918,grid,4,1424,1476,124,778,453,69,,0,0,0,0,0,0,0,0,0,0,0,0,0,0,1,,
2026-08-25T19:47:27.489Z,1787687247489,22867,1,,35c9c808,22978,grid,4,1421,1476,123,778,452,69,,0,0,0,0,0,0,0,0,0,0,0,0,0,0,1,,
2026-08-25T19:48:27.508Z,1787687307508,22927,1,,35c9c808,23038,grid,4,1423,1476,123,778,453,69,,0,0,0,0,0,0,0,0,0,0,0,0,0,0,1,,
2026-08-25T19:49:27.526Z,1787687367526,22987,1,,35c9c808,23098,grid,4,1423,1476,123,778,453,69,,0,0,0,0,0,0,0,0,0,0,0,0,0,0,1,,
2026-08-25T19:50:27.543Z,1787687427543,23047,1,,35c9c808,23159,grid,4,1422,1476,123,778,452,69,,0,0,0,0,0,0,0,0,0,0,0,0,0,0,1,,
2026-08-25T19:51:27.560Z,1787687487560,23107,1,,35c9c808,23219,grid,4,1422,1476,123,778,452,69,,0,0,0,0,0,0,0,0,0,0,0,0,0,0,1,,
2026-08-25T19:52:27.580Z,1787687547580,23167,1,,35c9c808,23279,grid,4,1424,1476,123,779,453,69,,0,0,0,0,0,0,0,0,0,0,0,0,0,0,1,,
2026-08-25T19:53:27.597Z,1787687607597,23227,1,,35c9c808,23339,grid,4,1424,1476,123,778,453,69,,0,0,0,0,0,0,0,0,0,0,0,0,0,0,1,,
2026-08-25T19:54:27.614Z,1787687667614,23287,1,,35c9c808,23399,grid,4,1424,1476,124,779,453,69,,0,0,0,0,0,0,0,0,0,0,0,0,0,0,1,,
2026-08-25T19:55:27.634Z,1787687727634,23347,1,,35c9c808,23459,grid,4,1423,1491,124,777,453,69,,0,0,0,0,0,0,0,0,0,0,0,0,0,0,1,,
2026-08-25T19:56:27.650Z,1787687787650,23407,1,,35c9c808,23519,grid,4,1423,1491,124,779,452,69,,0,0,0,0,0,0,0,0,0,0,0,0,0,0,1,,
2026-08-25T19:57:27.668Z,1787687847668,23467,1,,35c9c808,23579,grid,4,1425,1491,124,779,453,69,,0,0,0,0,0,0,0,0,0,0,0,0,0,0,1,,
2026-08-25T19:58:27.687Z,1787687907687,23527,1,,35c9c808,23639,grid,4,1423,1491,124,779,452,69,,0,0,0,0,0,0,0,0,0,0,0,0,0,0,1,,
2026-08-25T19:59:27.704Z,1787687967704,23587,1,,35c9c808,23699,grid,4,1423,1491,124,779,452,69,,0,0,0,0,0,0,0,0,0,0,0,0,0,0,1,,
2026-08-25T20:00:27.722Z,1787688027722,23647,1,,35c9c808,23759,grid,4,1423,1491,124,779,452,69,,0,0,0,0,0,0,0,0,0,0,0,0,0,0,1,,
2026-08-25T20:01:27.741Z,1787688087741,23707,1,,35c9c808,23819,grid,4,1424,1491,124,779,452,69,,0,0,0,0,0,0,0,0,0,0,0,0,0,0,1,,
2026-08-25T20:02:27.758Z,1787688147758,23767,1,,35c9c808,23879,grid,4,1425,1491,124,779,453,69,,0,0,0,0,0,0,0,0,0,0,0,0,0,0,1,,
2026-08-25T20:03:27.777Z,1787688207777,23827,1,,35c9c808,23939,grid,4,1426,1491,124,779,453,69,,0,0,0,0,0,0,0,0,0,0,0,0,0,0,1,,
2026-08-25T20:04:27.793Z,1787688267793,23887,1,,35c9c808,23999,grid,4,1426,1491,124,779,453,69,,0,0,0,0,0,0,0,0,0,0,0,0,0,0,1,,
2026-08-25T20:05:27.811Z,1787688327811,23947,1,,35c9c808,24059,grid,4,1425,1491,124,779,453,69,,0,0,0,0,0,0,0,0,0,0,0,0,0,0,1,,
2026-08-25T20:06:27.829Z,1787688387829,24007,1,,35c9c808,24119,grid,4,1425,1491,124,779,453,69,,0,0,0,0,0,0,0,0,0,0,0,0,0,0,1,,
2026-08-25T20:07:27.848Z,1787688447848,24067,1,,35c9c808,24179,grid,4,1426,1491,124,779,453,69,,0,0,0,0,0,0,0,0,0,0,0,0,0,0,1,,
2026-08-25T20:08:27.864Z,1787688507864,24127,1,,35c9c808,24239,grid,4,1423,1491,124,779,452,69,,0,0,0,0,0,0,0,0,0,0,0,0,0,0,1,,
2026-08-25T20:09:27.883Z,1787688567883,24187,1,,35c9c808,24299,grid,4,1423,1491,124,777,453,69,,0,0,0,0,0,0,0,0,0,0,0,0,0,0,1,,
2026-08-25T20:10:27.901Z,1787688627901,24247,1,,35c9c808,24359,grid,4,1422,1491,124,777,452,69,,0,0,0,0,0,0,0,0,0,0,0,0,0,0,1,,
2026-08-25T20:11:27.920Z,1787688687920,24307,1,,35c9c808,24419,grid,4,1423,1491,124,777,453,69,,0,0,0,0,0,0,0,0,0,0,0,0,0,0,1,,
2026-08-25T20:12:27.936Z,1787688747936,24367,1,,35c9c808,24479,grid,4,1421,1491,124,776,452,69,,0,0,0,0,0,0,0,0,0,0,0,0,0,0,1,,
2026-08-25T20:13:27.955Z,1787688807955,24427,1,,35c9c808,24539,grid,4,1421,1491,124,776,452,69,,0,0,0,0,0,0,0,0,0,0,0,0,0,0,1,,
2026-08-25T20:14:27.971Z,1787688867971,24487,1,,35c9c808,24599,grid,4,1421,1491,124,776,452,69,,0,0,0,0,0,0,0,0,0,0,0,0,0,0,1,,
2026-08-25T20:15:27.990Z,1787688927990,24547,1,,35c9c808,24659,grid,4,1421,1491,124,776,452,69,,0,0,0,0,0,0,0,0,0,0,0,0,0,0,1,,
2026-08-25T20:16:28.009Z,1787688988009,24607,1,,35c9c808,24719,grid,4,1423,1491,124,776,453,69,,0,0,0,0,0,0,0,0,0,0,0,0,0,0,1,,
2026-08-25T20:17:28.026Z,1787689048026,24667,1,,35c9c808,24779,grid,4,1424,1491,124,777,453,69,,0,0,0,0,0,0,0,0,0,0,0,0,0,0,1,,
